timestamp,building,room,energy_kwh,occupancy,temperature,ac_status,lights_status
2026-09-01 00:00:00,Academic Block,A101,14.96,3,31.6,OFF,ON
2026-09-01 00:00:00,Academic Block,A102,6.3,2,29.1,OFF,ON
2026-09-01 00:00:00,Academic Block,A103,5.51,2,33.7,OFF,ON
2026-09-01 00:00:00,Engineering Block,E201,10.28,3,27.7,OFF,ON
2026-09-01 00:00:00,Engineering Block,E202,13.25,0,28.6,OFF,OFF
2026-09-01 00:00:00,Engineering Block,E203,12.12,2,33.8,OFF,ON
2026-09-01 00:00:00,Library,L101,10.1,4,25.1,OFF,ON
2026-09-01 00:00:00,Library,L102,8.2,1,25.9,OFF,ON
2026-09-01 00:00:00,Hostel Block,H101,10.4,3,25.3,OFF,ON
2026-09-01 00:00:00,Hostel Block,H102,8.57,3,29.7,OFF,ON
2026-09-01 00:00:00,Hostel Block,H103,12.9,1,33.5,OFF,ON
2026-09-01 00:00:00,Laboratory Block,LAB1,10.9,3,27.9,OFF,ON
2026-09-01 00:00:00,Laboratory Block,LAB2,16.47,4,33.7,OFF,ON
2026-09-01 00:00:00,Laboratory Block,LAB3,18.62,4,25.7,OFF,ON
2026-09-01 01:00:00,Academic Block,A101,8.38,3,25.1,OFF,ON
2026-09-01 01:00:00,Academic Block,A102,13.01,2,25.7,OFF,ON
2026-09-01 01:00:00,Academic Block,A103,11.23,0,28.0,OFF,OFF
2026-09-01 01:00:00,Engineering Block,E201,15.9,4,30.7,OFF,ON
2026-09-01 01:00:00,Engineering Block,E202,18.32,4,32.6,OFF,ON
2026-09-01 01:00:00,Engineering Block,E203,13.53,2,28.8,OFF,ON
2026-09-01 01:00:00,Library,L101,8.14,0,29.6,OFF,OFF
2026-09-01 01:00:00,Library,L102,11.0,4,26.8,OFF,ON
2026-09-01 01:00:00,Hostel Block,H101,6.91,2,33.4,OFF,ON
2026-09-01 01:00:00,Hostel Block,H102,13.49,3,26.7,OFF,ON
2026-09-01 01:00:00,Hostel Block,H103,6.37,1,28.2,OFF,ON
2026-09-01 01:00:00,Laboratory Block,LAB1,30.83,2,32.4,OFF,ON
2026-09-01 01:00:00,Laboratory Block,LAB2,17.52,4,27.4,OFF,ON
2026-09-01 01:00:00,Laboratory Block,LAB3,14.04,0,25.6,OFF,OFF
2026-09-01 02:00:00,Academic Block,A101,12.27,1,26.3,OFF,ON
2026-09-01 02:00:00,Academic Block,A102,10.18,1,25.5,OFF,ON
2026-09-01 02:00:00,Academic Block,A103,12.11,2,29.8,OFF,ON
2026-09-01 02:00:00,Engineering Block,E201,9.26,3,28.3,OFF,ON
2026-09-01 02:00:00,Engineering Block,E202,14.92,4,30.7,OFF,ON
2026-09-01 02:00:00,Engineering Block,E203,9.51,0,29.6,OFF,OFF
2026-09-01 02:00:00,Library,L101,12.23,3,25.1,OFF,ON
2026-09-01 02:00:00,Library,L102,14.86,3,28.6,OFF,ON
2026-09-01 02:00:00,Hostel Block,H101,8.71,2,26.0,OFF,ON
2026-09-01 02:00:00,Hostel Block,H102,7.59,2,26.6,OFF,ON
2026-09-01 02:00:00,Hostel Block,H103,7.42,0,25.8,OFF,OFF
2026-09-01 02:00:00,Laboratory Block,LAB1,12.19,2,27.5,OFF,ON
2026-09-01 02:00:00,Laboratory Block,LAB2,19.32,3,32.0,OFF,ON
2026-09-01 02:00:00,Laboratory Block,LAB3,19.44,3,30.5,OFF,ON
2026-09-01 03:00:00,Academic Block,A101,15.04,2,27.6,OFF,ON
2026-09-01 03:00:00,Academic Block,A102,11.82,2,27.0,OFF,ON
2026-09-01 03:00:00,Academic Block,A103,7.39,4,28.3,OFF,ON
2026-09-01 03:00:00,Engineering Block,E201,13.43,0,29.6,OFF,OFF
2026-09-01 03:00:00,Engineering Block,E202,13.47,4,33.2,OFF,ON
2026-09-01 03:00:00,Engineering Block,E203,13.77,0,29.4,OFF,OFF
2026-09-01 03:00:00,Library,L101,11.02,2,31.9,OFF,ON
2026-09-01 03:00:00,Library,L102,8.4,4,33.0,OFF,ON
2026-09-01 03:00:00,Hostel Block,H101,9.88,4,33.7,OFF,ON
2026-09-01 03:00:00,Hostel Block,H102,9.45,4,32.7,OFF,ON
2026-09-01 03:00:00,Hostel Block,H103,8.95,0,32.6,OFF,OFF
2026-09-01 03:00:00,Laboratory Block,LAB1,16.3,1,33.9,OFF,ON
2026-09-01 03:00:00,Laboratory Block,LAB2,13.38,1,32.6,OFF,ON
2026-09-01 03:00:00,Laboratory Block,LAB3,13.57,4,28.8,OFF,ON
2026-09-01 04:00:00,Academic Block,A101,10.56,3,29.5,OFF,ON
2026-09-01 04:00:00,Academic Block,A102,14.32,3,25.2,OFF,ON
2026-09-01 04:00:00,Academic Block,A103,9.96,2,29.9,OFF,ON
2026-09-01 04:00:00,Engineering Block,E201,8.37,0,32.4,OFF,OFF
2026-09-01 04:00:00,Engineering Block,E202,16.28,0,27.4,OFF,OFF
2026-09-01 04:00:00,Engineering Block,E203,10.54,4,28.7,OFF,ON
2026-09-01 04:00:00,Library,L101,15.3,4,31.4,OFF,ON
2026-09-01 04:00:00,Library,L102,9.69,2,25.7,OFF,ON
2026-09-01 04:00:00,Hostel Block,H101,11.88,0,25.5,OFF,OFF
2026-09-01 04:00:00,Hostel Block,H102,11.6,0,27.5,OFF,OFF
2026-09-01 04:00:00,Hostel Block,H103,11.72,4,28.8,OFF,ON
2026-09-01 04:00:00,Laboratory Block,LAB1,11.8,4,28.1,OFF,ON
2026-09-01 04:00:00,Laboratory Block,LAB2,12.2,3,25.2,OFF,ON
2026-09-01 04:00:00,Laboratory Block,LAB3,12.18,3,28.9,OFF,ON
2026-09-01 05:00:00,Academic Block,A101,14.47,4,27.3,OFF,ON
2026-09-01 05:00:00,Academic Block,A102,10.39,0,31.2,OFF,OFF
2026-09-01 05:00:00,Academic Block,A103,5.42,1,30.3,OFF,ON
2026-09-01 05:00:00,Engineering Block,E201,13.88,1,26.2,OFF,ON
2026-09-01 05:00:00,Engineering Block,E202,12.31,3,33.7,OFF,ON
2026-09-01 05:00:00,Engineering Block,E203,10.75,4,28.4,OFF,ON
2026-09-01 05:00:00,Library,L101,11.56,0,28.5,OFF,OFF
2026-09-01 05:00:00,Library,L102,8.12,2,26.1,OFF,ON
2026-09-01 05:00:00,Hostel Block,H101,5.99,4,28.8,OFF,ON
2026-09-01 05:00:00,Hostel Block,H102,13.11,4,32.3,OFF,ON
2026-09-01 05:00:00,Hostel Block,H103,7.65,1,30.2,OFF,ON
2026-09-01 05:00:00,Laboratory Block,LAB1,14.74,3,31.8,OFF,ON
2026-09-01 05:00:00,Laboratory Block,LAB2,15.34,0,29.5,OFF,OFF
2026-09-01 05:00:00,Laboratory Block,LAB3,14.19,2,25.1,OFF,ON
2026-09-01 06:00:00,Academic Block,A101,14.95,3,33.6,OFF,ON
2026-09-01 06:00:00,Academic Block,A102,6.52,4,30.4,OFF,ON
2026-09-01 06:00:00,Academic Block,A103,13.52,4,32.1,OFF,ON
2026-09-01 06:00:00,Engineering Block,E201,12.57,1,33.0,OFF,ON
2026-09-01 06:00:00,Engineering Block,E202,15.33,3,32.5,OFF,ON
2026-09-01 06:00:00,Engineering Block,E203,10.83,4,28.6,OFF,ON
2026-09-01 06:00:00,Library,L101,6.45,4,33.9,OFF,ON
2026-09-01 06:00:00,Library,L102,7.82,3,33.2,OFF,ON
2026-09-01 06:00:00,Hostel Block,H101,6.29,3,32.0,OFF,ON
2026-09-01 06:00:00,Hostel Block,H102,8.45,1,28.9,OFF,ON
2026-09-01 06:00:00,Hostel Block,H103,12.56,1,31.9,OFF,ON
2026-09-01 06:00:00,Laboratory Block,LAB1,16.13,2,33.7,OFF,ON
2026-09-01 06:00:00,Laboratory Block,LAB2,12.24,0,33.7,OFF,OFF
2026-09-01 06:00:00,Laboratory Block,LAB3,13.83,4,25.4,OFF,ON
2026-09-01 07:00:00,Academic Block,A101,10.99,3,33.7,OFF,ON
2026-09-01 07:00:00,Academic Block,A102,11.28,0,30.3,OFF,OFF
2026-09-01 07:00:00,Academic Block,A103,15.04,3,25.5,OFF,ON
2026-09-01 07:00:00,Engineering Block,E201,11.37,4,26.7,OFF,ON
2026-09-01 07:00:00,Engineering Block,E202,10.81,1,28.2,OFF,ON
2026-09-01 07:00:00,Engineering Block,E203,10.8,0,28.7,OFF,OFF
2026-09-01 07:00:00,Library,L101,14.71,4,32.4,OFF,ON
2026-09-01 07:00:00,Library,L102,9.18,0,33.4,OFF,OFF
2026-09-01 07:00:00,Hostel Block,H101,12.78,0,29.3,OFF,OFF
2026-09-01 07:00:00,Hostel Block,H102,8.96,1,33.7,OFF,ON
2026-09-01 07:00:00,Hostel Block,H103,5.52,1,26.2,OFF,ON
2026-09-01 07:00:00,Laboratory Block,LAB1,18.58,3,34.0,OFF,ON
2026-09-01 07:00:00,Laboratory Block,LAB2,17.86,4,31.8,OFF,ON
2026-09-01 07:00:00,Laboratory Block,LAB3,11.29,0,33.6,OFF,OFF
2026-09-01 08:00:00,Academic Block,A101,19.28,54,28.2,OFF,ON
2026-09-01 08:00:00,Academic Block,A102,16.96,48,32.5,OFF,ON
2026-09-01 08:00:00,Academic Block,A103,19.31,58,32.9,OFF,ON
2026-09-01 08:00:00,Engineering Block,E201,21.1,37,30.6,OFF,ON
2026-09-01 08:00:00,Engineering Block,E202,21.97,52,33.8,OFF,ON
2026-09-01 08:00:00,Engineering Block,E203,16.72,29,33.1,OFF,ON
2026-09-01 08:00:00,Library,L101,19.8,38,27.7,OFF,ON
2026-09-01 08:00:00,Library,L102,12.92,43,33.3,OFF,ON
2026-09-01 08:00:00,Hostel Block,H101,11.16,38,30.6,OFF,ON
2026-09-01 08:00:00,Hostel Block,H102,15.95,57,25.7,OFF,ON
2026-09-01 08:00:00,Hostel Block,H103,15.75,45,31.3,OFF,ON
2026-09-01 08:00:00,Laboratory Block,LAB1,24.82,39,29.3,OFF,ON
2026-09-01 08:00:00,Laboratory Block,LAB2,23.17,33,28.1,OFF,ON
2026-09-01 08:00:00,Laboratory Block,LAB3,14.21,20,29.1,OFF,ON
2026-09-01 09:00:00,Academic Block,A101,12.5,28,27.9,ON,ON
2026-09-01 09:00:00,Academic Block,A102,11.22,36,32.9,ON,ON
2026-09-01 09:00:00,Academic Block,A103,19.68,40,25.8,ON,ON
2026-09-01 09:00:00,Engineering Block,E201,15.76,36,31.8,ON,ON
2026-09-01 09:00:00,Engineering Block,E202,14.37,40,27.3,ON,ON
2026-09-01 09:00:00,Engineering Block,E203,21.87,57,26.0,ON,ON
2026-09-01 09:00:00,Library,L101,10.4,29,31.6,ON,ON
2026-09-01 09:00:00,Library,L102,11.76,31,27.9,ON,ON
2026-09-01 09:00:00,Hostel Block,H101,14.84,34,28.2,ON,ON
2026-09-01 09:00:00,Hostel Block,H102,17.87,50,30.3,ON,ON
2026-09-01 09:00:00,Hostel Block,H103,13.74,33,28.0,ON,ON
2026-09-01 09:00:00,Laboratory Block,LAB1,22.15,59,33.4,ON,ON
2026-09-01 09:00:00,Laboratory Block,LAB2,15.46,20,26.4,ON,ON
2026-09-01 09:00:00,Laboratory Block,LAB3,42.04,0,32.6,ON,ON
2026-09-01 10:00:00,Academic Block,A101,34.58,1,30.2,ON,ON
2026-09-01 10:00:00,Academic Block,A102,19.49,52,33.4,ON,ON
2026-09-01 10:00:00,Academic Block,A103,21.54,59,26.7,ON,ON
2026-09-01 10:00:00,Engineering Block,E201,22.41,47,29.8,ON,ON
2026-09-01 10:00:00,Engineering Block,E202,21.61,52,26.4,ON,ON
2026-09-01 10:00:00,Engineering Block,E203,18.74,47,29.1,ON,ON
2026-09-01 10:00:00,Library,L101,10.62,16,32.3,ON,ON
2026-09-01 10:00:00,Library,L102,10.82,31,29.3,ON,ON
2026-09-01 10:00:00,Hostel Block,H101,21.05,45,32.5,ON,ON
2026-09-01 10:00:00,Hostel Block,H102,18.13,25,26.6,ON,ON
2026-09-01 10:00:00,Hostel Block,H103,10.88,36,32.0,ON,ON
2026-09-01 10:00:00,Laboratory Block,LAB1,24.85,44,26.7,ON,ON
2026-09-01 10:00:00,Laboratory Block,LAB2,15.86,18,30.3,ON,ON
2026-09-01 10:00:00,Laboratory Block,LAB3,21.87,54,29.2,ON,ON
2026-09-01 11:00:00,Academic Block,A101,15.12,29,28.2,ON,ON
2026-09-01 11:00:00,Academic Block,A102,15.39,54,29.9,ON,ON
2026-09-01 11:00:00,Academic Block,A103,15.24,22,26.5,ON,ON
2026-09-01 11:00:00,Engineering Block,E201,23.54,44,32.1,ON,ON
2026-09-01 11:00:00,Engineering Block,E202,23.44,51,26.3,ON,ON
2026-09-01 11:00:00,Engineering Block,E203,19.62,19,28.1,ON,ON
2026-09-01 11:00:00,Library,L101,17.07,50,30.4,ON,ON
2026-09-01 11:00:00,Library,L102,13.74,43,31.5,ON,ON
2026-09-01 11:00:00,Hostel Block,H101,17.93,50,27.3,ON,ON
2026-09-01 11:00:00,Hostel Block,H102,12.03,24,27.0,ON,ON
2026-09-01 11:00:00,Hostel Block,H103,15.08,57,30.3,ON,ON
2026-09-01 11:00:00,Laboratory Block,LAB1,26.82,54,33.4,ON,ON
2026-09-01 11:00:00,Laboratory Block,LAB2,24.72,51,26.4,ON,ON
2026-09-01 11:00:00,Laboratory Block,LAB3,17.49,43,32.6,ON,ON
2026-09-01 12:00:00,Academic Block,A101,22.5,51,32.6,ON,ON
2026-09-01 12:00:00,Academic Block,A102,19.18,54,28.4,ON,ON
2026-09-01 12:00:00,Academic Block,A103,14.33,40,28.6,ON,ON
2026-09-01 12:00:00,Engineering Block,E201,15.06,16,29.3,ON,ON
2026-09-01 12:00:00,Engineering Block,E202,25.83,58,27.2,ON,ON
2026-09-01 12:00:00,Engineering Block,E203,16.81,38,32.0,ON,ON
2026-09-01 12:00:00,Library,L101,15.4,35,33.8,ON,ON
2026-09-01 12:00:00,Library,L102,11.25,36,34.0,ON,ON
2026-09-01 12:00:00,Hostel Block,H101,13.02,27,28.8,ON,ON
2026-09-01 12:00:00,Hostel Block,H102,13.51,44,25.3,ON,ON
2026-09-01 12:00:00,Hostel Block,H103,12.74,32,31.4,ON,ON
2026-09-01 12:00:00,Laboratory Block,LAB1,22.2,44,26.4,ON,ON
2026-09-01 12:00:00,Laboratory Block,LAB2,25.48,53,27.5,ON,ON
2026-09-01 12:00:00,Laboratory Block,LAB3,17.3,47,26.4,ON,ON
2026-09-01 13:00:00,Academic Block,A101,12.77,15,27.3,ON,ON
2026-09-01 13:00:00,Academic Block,A102,9.34,22,32.2,ON,ON
2026-09-01 13:00:00,Academic Block,A103,9.29,22,27.2,ON,ON
2026-09-01 13:00:00,Engineering Block,E201,26.18,57,33.5,ON,ON
2026-09-01 13:00:00,Engineering Block,E202,36.08,0,25.8,ON,ON
2026-09-01 13:00:00,Engineering Block,E203,18.66,43,33.0,ON,ON
2026-09-01 13:00:00,Library,L101,21.65,56,28.3,ON,ON
2026-09-01 13:00:00,Library,L102,16.74,51,30.0,ON,ON
2026-09-01 13:00:00,Hostel Block,H101,18.2,36,26.0,ON,ON
2026-09-01 13:00:00,Hostel Block,H102,18.55,37,28.8,ON,ON
2026-09-01 13:00:00,Hostel Block,H103,20.09,54,28.6,ON,ON
2026-09-01 13:00:00,Laboratory Block,LAB1,14.02,18,33.1,ON,ON
2026-09-01 13:00:00,Laboratory Block,LAB2,22.14,20,26.1,ON,ON
2026-09-01 13:00:00,Laboratory Block,LAB3,18.7,31,29.5,ON,ON
2026-09-01 14:00:00,Academic Block,A101,11.77,36,33.1,ON,ON
2026-09-01 14:00:00,Academic Block,A102,15.23,26,29.4,ON,ON
2026-09-01 14:00:00,Academic Block,A103,14.08,35,29.7,ON,ON
2026-09-01 14:00:00,Engineering Block,E201,18.39,57,25.8,ON,ON
2026-09-01 14:00:00,Engineering Block,E202,14.64,25,28.2,ON,ON
2026-09-01 14:00:00,Engineering Block,E203,24.84,49,28.6,ON,ON
2026-09-01 14:00:00,Library,L101,14.75,47,29.9,ON,ON
2026-09-01 14:00:00,Library,L102,14.61,31,30.4,ON,ON
2026-09-01 14:00:00,Hostel Block,H101,9.2,23,31.6,ON,ON
2026-09-01 14:00:00,Hostel Block,H102,32.08,2,25.7,ON,ON
2026-09-01 14:00:00,Hostel Block,H103,13.23,48,27.8,ON,ON
2026-09-01 14:00:00,Laboratory Block,LAB1,24.15,31,29.0,ON,ON
2026-09-01 14:00:00,Laboratory Block,LAB2,23.28,38,30.8,ON,ON
2026-09-01 14:00:00,Laboratory Block,LAB3,22.99,30,27.2,ON,ON
2026-09-01 15:00:00,Academic Block,A101,11.52,40,31.0,ON,ON
2026-09-01 15:00:00,Academic Block,A102,11.46,31,30.1,ON,ON
2026-09-01 15:00:00,Academic Block,A103,11.12,21,33.3,ON,ON
2026-09-01 15:00:00,Engineering Block,E201,20.25,32,25.5,ON,ON
2026-09-01 15:00:00,Engineering Block,E202,16.32,53,30.4,ON,ON
2026-09-01 15:00:00,Engineering Block,E203,24.05,48,29.8,ON,ON
2026-09-01 15:00:00,Library,L101,16.1,53,29.9,ON,ON
2026-09-01 15:00:00,Library,L102,15.0,32,28.8,ON,ON
2026-09-01 15:00:00,Hostel Block,H101,21.05,49,25.2,ON,ON
2026-09-01 15:00:00,Hostel Block,H102,21.23,46,25.6,ON,ON
2026-09-01 15:00:00,Hostel Block,H103,11.83,43,29.3,ON,ON
2026-09-01 15:00:00,Laboratory Block,LAB1,14.52,24,28.0,ON,ON
2026-09-01 15:00:00,Laboratory Block,LAB2,17.22,17,27.7,ON,ON
2026-09-01 15:00:00,Laboratory Block,LAB3,18.07,51,25.2,ON,ON
2026-09-01 16:00:00,Academic Block,A101,11.94,38,33.6,ON,ON
2026-09-01 16:00:00,Academic Block,A102,17.82,20,33.0,ON,ON
2026-09-01 16:00:00,Academic Block,A103,13.87,48,33.9,ON,ON
2026-09-01 16:00:00,Engineering Block,E201,18.05,59,25.4,ON,ON
2026-09-01 16:00:00,Engineering Block,E202,18.81,17,32.2,ON,ON
2026-09-01 16:00:00,Engineering Block,E203,20.73,23,34.0,ON,ON
2026-09-01 16:00:00,Library,L101,16.76,32,26.4,ON,ON
2026-09-01 16:00:00,Library,L102,16.78,39,30.2,ON,ON
2026-09-01 16:00:00,Hostel Block,H101,10.28,17,29.3,ON,ON
2026-09-01 16:00:00,Hostel Block,H102,21.5,56,30.9,ON,ON
2026-09-01 16:00:00,Hostel Block,H103,13.23,38,25.0,ON,ON
2026-09-01 16:00:00,Laboratory Block,LAB1,15.61,32,27.0,ON,ON
2026-09-01 16:00:00,Laboratory Block,LAB2,15.27,31,32.9,ON,ON
2026-09-01 16:00:00,Laboratory Block,LAB3,16.03,17,31.1,ON,ON
2026-09-01 17:00:00,Academic Block,A101,13.21,20,32.8,ON,ON
2026-09-01 17:00:00,Academic Block,A102,16.59,55,27.1,ON,ON
2026-09-01 17:00:00,Academic Block,A103,18.68,41,26.4,ON,ON
2026-09-01 17:00:00,Engineering Block,E201,23.01,45,26.2,ON,ON
2026-09-01 17:00:00,Engineering Block,E202,14.76,45,30.0,ON,ON
2026-09-01 17:00:00,Engineering Block,E203,13.27,16,30.6,ON,ON
2026-09-01 17:00:00,Library,L101,15.52,45,25.1,ON,ON
2026-09-01 17:00:00,Library,L102,17.56,33,29.9,ON,ON
2026-09-01 17:00:00,Hostel Block,H101,18.67,29,25.9,ON,ON
2026-09-01 17:00:00,Hostel Block,H102,10.71,18,31.4,ON,ON
2026-09-01 17:00:00,Hostel Block,H103,7.83,15,25.7,ON,ON
2026-09-01 17:00:00,Laboratory Block,LAB1,20.91,43,30.8,ON,ON
2026-09-01 17:00:00,Laboratory Block,LAB2,16.67,43,27.9,ON,ON
2026-09-01 17:00:00,Laboratory Block,LAB3,20.01,37,27.5,ON,ON
2026-09-01 18:00:00,Academic Block,A101,16.09,17,29.7,OFF,ON
2026-09-01 18:00:00,Academic Block,A102,13.63,6,27.1,OFF,ON
2026-09-01 18:00:00,Academic Block,A103,7.71,16,31.6,OFF,ON
2026-09-01 18:00:00,Engineering Block,E201,15.58,24,27.5,OFF,ON
2026-09-01 18:00:00,Engineering Block,E202,11.8,10,26.9,OFF,ON
2026-09-01 18:00:00,Engineering Block,E203,16.03,16,29.2,OFF,ON
2026-09-01 18:00:00,Library,L101,18.04,29,32.0,OFF,ON
2026-09-01 18:00:00,Library,L102,8.78,24,32.2,OFF,ON
2026-09-01 18:00:00,Hostel Block,H101,7.9,7,29.2,OFF,ON
2026-09-01 18:00:00,Hostel Block,H102,9.88,16,30.0,OFF,ON
2026-09-01 18:00:00,Hostel Block,H103,14.72,26,27.4,OFF,ON
2026-09-01 18:00:00,Laboratory Block,LAB1,14.05,17,29.2,OFF,ON
2026-09-01 18:00:00,Laboratory Block,LAB2,18.85,19,27.6,OFF,ON
2026-09-01 18:00:00,Laboratory Block,LAB3,20.58,10,31.5,OFF,ON
2026-09-01 19:00:00,Academic Block,A101,17.27,16,26.3,OFF,ON
2026-09-01 19:00:00,Academic Block,A102,12.06,24,32.0,OFF,ON
2026-09-01 19:00:00,Academic Block,A103,6.63,5,28.2,OFF,ON
2026-09-01 19:00:00,Engineering Block,E201,15.12,26,33.8,OFF,ON
2026-09-01 19:00:00,Engineering Block,E202,12.85,19,26.5,OFF,ON
2026-09-01 19:00:00,Engineering Block,E203,18.01,7,30.4,OFF,ON
2026-09-01 19:00:00,Library,L101,14.04,13,32.8,OFF,ON
2026-09-01 19:00:00,Library,L102,16.0,19,25.7,OFF,ON
2026-09-01 19:00:00,Hostel Block,H101,13.42,26,30.8,OFF,ON
2026-09-01 19:00:00,Hostel Block,H102,14.5,15,30.3,OFF,ON
2026-09-01 19:00:00,Hostel Block,H103,10.64,23,33.8,OFF,ON
2026-09-01 19:00:00,Laboratory Block,LAB1,31.81,2,25.4,OFF,ON
2026-09-01 19:00:00,Laboratory Block,LAB2,23.95,28,30.9,OFF,ON
2026-09-01 19:00:00,Laboratory Block,LAB3,14.21,26,27.3,OFF,ON
2026-09-01 20:00:00,Academic Block,A101,13.45,28,28.1,OFF,ON
2026-09-01 20:00:00,Academic Block,A102,31.93,1,29.6,OFF,ON
2026-09-01 20:00:00,Academic Block,A103,11.88,6,32.1,OFF,ON
2026-09-01 20:00:00,Engineering Block,E201,15.49,26,28.5,OFF,ON
2026-09-01 20:00:00,Engineering Block,E202,10.07,5,31.4,OFF,ON
2026-09-01 20:00:00,Engineering Block,E203,14.13,16,29.6,OFF,ON
2026-09-01 20:00:00,Library,L101,9.42,13,32.8,OFF,ON
2026-09-01 20:00:00,Library,L102,15.98,29,25.9,OFF,ON
2026-09-01 20:00:00,Hostel Block,H101,14.48,6,25.1,OFF,ON
2026-09-01 20:00:00,Hostel Block,H102,15.9,8,29.1,OFF,ON
2026-09-01 20:00:00,Hostel Block,H103,11.01,18,29.0,OFF,ON
2026-09-01 20:00:00,Laboratory Block,LAB1,13.84,9,30.6,OFF,ON
2026-09-01 20:00:00,Laboratory Block,LAB2,17.39,24,30.4,OFF,ON
2026-09-01 20:00:00,Laboratory Block,LAB3,21.59,21,32.3,OFF,ON
2026-09-01 21:00:00,Academic Block,A101,12.8,16,25.3,OFF,ON
2026-09-01 21:00:00,Academic Block,A102,15.72,9,25.4,OFF,ON
2026-09-01 21:00:00,Academic Block,A103,9.64,25,25.9,OFF,ON
2026-09-01 21:00:00,Engineering Block,E201,21.47,24,33.7,OFF,ON
2026-09-01 21:00:00,Engineering Block,E202,21.03,22,30.2,OFF,ON
2026-09-01 21:00:00,Engineering Block,E203,18.72,27,26.3,OFF,ON
2026-09-01 21:00:00,Library,L101,17.4,20,31.6,OFF,ON
2026-09-01 21:00:00,Library,L102,15.78,27,29.0,OFF,ON
2026-09-01 21:00:00,Hostel Block,H101,31.78,1,33.8,OFF,ON
2026-09-01 21:00:00,Hostel Block,H102,15.45,12,31.9,OFF,ON
2026-09-01 21:00:00,Hostel Block,H103,12.97,8,26.9,OFF,ON
2026-09-01 21:00:00,Laboratory Block,LAB1,17.12,9,28.1,OFF,ON
2026-09-01 21:00:00,Laboratory Block,LAB2,20.61,13,33.9,OFF,ON
2026-09-01 21:00:00,Laboratory Block,LAB3,13.04,13,30.9,OFF,ON
2026-09-01 22:00:00,Academic Block,A101,13.38,2,31.9,OFF,ON
2026-09-01 22:00:00,Academic Block,A102,9.06,2,27.7,OFF,ON
2026-09-01 22:00:00,Academic Block,A103,8.66,0,28.6,OFF,OFF
2026-09-01 22:00:00,Engineering Block,E201,33.02,2,29.9,OFF,OFF
2026-09-01 22:00:00,Engineering Block,E202,15.74,1,29.5,OFF,ON
2026-09-01 22:00:00,Engineering Block,E203,12.94,1,25.2,OFF,ON
2026-09-01 22:00:00,Library,L101,10.42,1,27.2,OFF,ON
2026-09-01 22:00:00,Library,L102,12.3,1,29.7,OFF,ON
2026-09-01 22:00:00,Hostel Block,H101,14.58,4,27.2,OFF,ON
2026-09-01 22:00:00,Hostel Block,H102,10.39,4,26.8,OFF,ON
2026-09-01 22:00:00,Hostel Block,H103,8.45,4,27.8,OFF,ON
2026-09-01 22:00:00,Laboratory Block,LAB1,16.25,1,31.4,OFF,ON
2026-09-01 22:00:00,Laboratory Block,LAB2,15.22,0,26.1,OFF,OFF
2026-09-01 22:00:00,Laboratory Block,LAB3,15.67,0,27.3,OFF,OFF
2026-09-01 23:00:00,Academic Block,A101,31.02,1,29.7,OFF,OFF
2026-09-01 23:00:00,Academic Block,A102,7.73,3,26.9,OFF,ON
2026-09-01 23:00:00,Academic Block,A103,14.66,4,31.9,OFF,ON
2026-09-01 23:00:00,Engineering Block,E201,11.2,3,32.4,OFF,ON
2026-09-01 23:00:00,Engineering Block,E202,15.82,1,26.3,OFF,ON
2026-09-01 23:00:00,Engineering Block,E203,15.37,0,32.8,OFF,OFF
2026-09-01 23:00:00,Library,L101,12.02,4,30.5,OFF,ON
2026-09-01 23:00:00,Library,L102,11.54,4,29.5,OFF,ON
2026-09-01 23:00:00,Hostel Block,H101,12.36,4,29.0,OFF,ON
2026-09-01 23:00:00,Hostel Block,H102,15.21,2,26.2,OFF,ON
2026-09-01 23:00:00,Hostel Block,H103,14.21,1,32.0,OFF,ON
2026-09-01 23:00:00,Laboratory Block,LAB1,12.37,3,27.9,OFF,ON
2026-09-01 23:00:00,Laboratory Block,LAB2,14.87,3,32.5,OFF,ON
2026-09-01 23:00:00,Laboratory Block,LAB3,13.31,4,30.3,OFF,ON
2026-09-02 00:00:00,Academic Block,A101,8.48,1,31.0,OFF,ON
2026-09-02 00:00:00,Academic Block,A102,14.95,0,29.0,OFF,OFF
2026-09-02 00:00:00,Academic Block,A103,14.73,1,26.6,OFF,ON
2026-09-02 00:00:00,Engineering Block,E201,9.12,1,29.1,OFF,ON
2026-09-02 00:00:00,Engineering Block,E202,18.26,3,29.3,OFF,ON
2026-09-02 00:00:00,Engineering Block,E203,9.82,2,33.9,OFF,ON
2026-09-02 00:00:00,Library,L101,11.72,0,25.8,OFF,OFF
2026-09-02 00:00:00,Library,L102,11.08,0,29.6,OFF,OFF
2026-09-02 00:00:00,Hostel Block,H101,8.48,3,27.4,OFF,ON
2026-09-02 00:00:00,Hostel Block,H102,7.69,2,29.6,OFF,ON
2026-09-02 00:00:00,Hostel Block,H103,11.16,1,29.6,OFF,ON
2026-09-02 00:00:00,Laboratory Block,LAB1,18.96,3,26.9,OFF,ON
2026-09-02 00:00:00,Laboratory Block,LAB2,16.43,1,31.1,OFF,ON
2026-09-02 00:00:00,Laboratory Block,LAB3,18.2,2,27.7,OFF,ON
2026-09-02 01:00:00,Academic Block,A101,6.69,1,27.0,OFF,ON
2026-09-02 01:00:00,Academic Block,A102,13.37,1,26.2,OFF,ON
2026-09-02 01:00:00,Academic Block,A103,11.06,0,31.9,OFF,OFF
2026-09-02 01:00:00,Engineering Block,E201,16.25,0,31.0,OFF,OFF
2026-09-02 01:00:00,Engineering Block,E202,9.8,3,33.7,OFF,ON
2026-09-02 01:00:00,Engineering Block,E203,11.57,3,29.6,OFF,ON
2026-09-02 01:00:00,Library,L101,5.78,4,30.4,OFF,ON
2026-09-02 01:00:00,Library,L102,13.41,4,29.1,OFF,ON
2026-09-02 01:00:00,Hostel Block,H101,11.79,4,27.7,OFF,ON
2026-09-02 01:00:00,Hostel Block,H102,6.81,4,27.7,OFF,ON
2026-09-02 01:00:00,Hostel Block,H103,11.63,3,30.7,OFF,ON
2026-09-02 01:00:00,Laboratory Block,LAB1,13.51,3,30.6,OFF,ON
2026-09-02 01:00:00,Laboratory Block,LAB2,19.47,4,29.0,OFF,ON
2026-09-02 01:00:00,Laboratory Block,LAB3,15.27,3,26.6,OFF,ON
2026-09-02 02:00:00,Academic Block,A101,6.49,1,28.8,OFF,ON
2026-09-02 02:00:00,Academic Block,A102,7.05,1,30.6,OFF,ON
2026-09-02 02:00:00,Academic Block,A103,15.36,4,32.2,OFF,ON
2026-09-02 02:00:00,Engineering Block,E201,10.96,2,30.8,OFF,ON
2026-09-02 02:00:00,Engineering Block,E202,13.48,4,26.4,OFF,ON
2026-09-02 02:00:00,Engineering Block,E203,12.06,2,28.6,OFF,ON
2026-09-02 02:00:00,Library,L101,6.93,4,25.9,OFF,ON
2026-09-02 02:00:00,Library,L102,9.53,1,27.3,OFF,ON
2026-09-02 02:00:00,Hostel Block,H101,13.26,3,32.4,OFF,ON
2026-09-02 02:00:00,Hostel Block,H102,11.14,0,25.6,OFF,OFF
2026-09-02 02:00:00,Hostel Block,H103,10.57,3,31.1,OFF,ON
2026-09-02 02:00:00,Laboratory Block,LAB1,16.89,2,32.2,OFF,ON
2026-09-02 02:00:00,Laboratory Block,LAB2,17.83,3,28.2,OFF,ON
2026-09-02 02:00:00,Laboratory Block,LAB3,16.91,2,26.7,OFF,ON
2026-09-02 03:00:00,Academic Block,A101,5.36,1,25.7,OFF,ON
2026-09-02 03:00:00,Academic Block,A102,14.76,0,31.0,OFF,OFF
2026-09-02 03:00:00,Academic Block,A103,13.2,3,30.8,OFF,ON
2026-09-02 03:00:00,Engineering Block,E201,11.37,1,26.1,OFF,ON
2026-09-02 03:00:00,Engineering Block,E202,14.42,4,31.7,OFF,ON
2026-09-02 03:00:00,Engineering Block,E203,8.74,2,26.0,OFF,ON
2026-09-02 03:00:00,Library,L101,10.8,2,28.5,OFF,ON
2026-09-02 03:00:00,Library,L102,6.67,3,26.8,OFF,ON
2026-09-02 03:00:00,Hostel Block,H101,12.01,2,27.9,OFF,ON
2026-09-02 03:00:00,Hostel Block,H102,11.51,1,27.0,OFF,ON
2026-09-02 03:00:00,Hostel Block,H103,5.99,3,27.9,OFF,ON
2026-09-02 03:00:00,Laboratory Block,LAB1,10.88,3,26.5,OFF,ON
2026-09-02 03:00:00,Laboratory Block,LAB2,19.95,2,29.4,OFF,ON
2026-09-02 03:00:00,Laboratory Block,LAB3,17.88,2,31.7,OFF,ON
2026-09-02 04:00:00,Academic Block,A101,6.54,4,30.2,OFF,ON
2026-09-02 04:00:00,Academic Block,A102,10.73,1,32.3,OFF,ON
2026-09-02 04:00:00,Academic Block,A103,6.44,3,28.6,OFF,ON
2026-09-02 04:00:00,Engineering Block,E201,15.57,1,32.3,OFF,ON
2026-09-02 04:00:00,Engineering Block,E202,13.99,4,29.7,OFF,ON
2026-09-02 04:00:00,Engineering Block,E203,15.91,3,26.8,OFF,ON
2026-09-02 04:00:00,Library,L101,12.86,2,32.6,OFF,ON
2026-09-02 04:00:00,Library,L102,8.83,1,29.0,OFF,ON
2026-09-02 04:00:00,Hostel Block,H101,6.68,2,31.0,OFF,ON
2026-09-02 04:00:00,Hostel Block,H102,11.35,1,28.2,OFF,ON
2026-09-02 04:00:00,Hostel Block,H103,10.55,3,31.5,OFF,ON
2026-09-02 04:00:00,Laboratory Block,LAB1,16.06,3,30.4,OFF,ON
2026-09-02 04:00:00,Laboratory Block,LAB2,18.7,3,29.5,OFF,ON
2026-09-02 04:00:00,Laboratory Block,LAB3,18.06,4,33.8,OFF,ON
2026-09-02 05:00:00,Academic Block,A101,9.7,2,26.3,OFF,ON
2026-09-02 05:00:00,Academic Block,A102,8.86,1,25.6,OFF,ON
2026-09-02 05:00:00,Academic Block,A103,14.33,0,30.8,OFF,OFF
2026-09-02 05:00:00,Engineering Block,E201,15.16,2,33.9,OFF,ON
2026-09-02 05:00:00,Engineering Block,E202,14.03,1,26.7,OFF,ON
2026-09-02 05:00:00,Engineering Block,E203,15.6,4,30.3,OFF,ON
2026-09-02 05:00:00,Library,L101,8.29,2,33.5,OFF,ON
2026-09-02 05:00:00,Library,L102,9.07,2,29.2,OFF,ON
2026-09-02 05:00:00,Hostel Block,H101,12.66,4,30.7,OFF,ON
2026-09-02 05:00:00,Hostel Block,H102,9.67,2,31.6,OFF,ON
2026-09-02 05:00:00,Hostel Block,H103,6.76,3,28.6,OFF,ON
2026-09-02 05:00:00,Laboratory Block,LAB1,11.29,4,25.5,OFF,ON
2026-09-02 05:00:00,Laboratory Block,LAB2,13.06,2,32.1,OFF,ON
2026-09-02 05:00:00,Laboratory Block,LAB3,18.6,1,27.4,OFF,ON
2026-09-02 06:00:00,Academic Block,A101,5.93,2,33.2,OFF,ON
2026-09-02 06:00:00,Academic Block,A102,12.72,0,25.8,OFF,OFF
2026-09-02 06:00:00,Academic Block,A103,14.93,2,30.0,OFF,ON
2026-09-02 06:00:00,Engineering Block,E201,16.33,3,30.6,OFF,ON
2026-09-02 06:00:00,Engineering Block,E202,15.14,4,26.8,OFF,ON
2026-09-02 06:00:00,Engineering Block,E203,30.85,0,33.7,OFF,OFF
2026-09-02 06:00:00,Library,L101,6.04,1,31.2,OFF,ON
2026-09-02 06:00:00,Library,L102,14.2,4,31.5,OFF,ON
2026-09-02 06:00:00,Hostel Block,H101,11.13,0,27.0,OFF,OFF
2026-09-02 06:00:00,Hostel Block,H102,15.06,4,32.6,OFF,ON
2026-09-02 06:00:00,Hostel Block,H103,11.81,2,29.9,OFF,ON
2026-09-02 06:00:00,Laboratory Block,LAB1,14.01,3,33.8,OFF,ON
2026-09-02 06:00:00,Laboratory Block,LAB2,12.25,4,28.0,OFF,ON
2026-09-02 06:00:00,Laboratory Block,LAB3,17.2,4,26.5,OFF,ON
2026-09-02 07:00:00,Academic Block,A101,12.66,1,30.0,OFF,ON
2026-09-02 07:00:00,Academic Block,A102,14.39,2,29.8,OFF,ON
2026-09-02 07:00:00,Academic Block,A103,9.97,3,28.6,OFF,ON
2026-09-02 07:00:00,Engineering Block,E201,10.34,2,29.7,OFF,ON
2026-09-02 07:00:00,Engineering Block,E202,11.21,3,27.8,OFF,ON
2026-09-02 07:00:00,Engineering Block,E203,9.73,1,31.3,OFF,ON
2026-09-02 07:00:00,Library,L101,8.93,2,33.1,OFF,ON
2026-09-02 07:00:00,Library,L102,7.47,3,26.7,OFF,ON
2026-09-02 07:00:00,Hostel Block,H101,8.43,2,32.2,OFF,ON
2026-09-02 07:00:00,Hostel Block,H102,13.04,0,29.5,OFF,OFF
2026-09-02 07:00:00,Hostel Block,H103,12.28,4,30.7,OFF,ON
2026-09-02 07:00:00,Laboratory Block,LAB1,11.92,2,25.1,OFF,ON
2026-09-02 07:00:00,Laboratory Block,LAB2,18.23,0,26.9,OFF,OFF
2026-09-02 07:00:00,Laboratory Block,LAB3,19.03,3,32.4,OFF,ON
2026-09-02 08:00:00,Academic Block,A101,23.58,58,33.1,OFF,ON
2026-09-02 08:00:00,Academic Block,A102,15.64,38,32.5,OFF,ON
2026-09-02 08:00:00,Academic Block,A103,11.38,35,25.8,OFF,ON
2026-09-02 08:00:00,Engineering Block,E201,18.68,48,29.1,OFF,ON
2026-09-02 08:00:00,Engineering Block,E202,20.78,36,32.3,OFF,ON
2026-09-02 08:00:00,Engineering Block,E203,16.31,47,31.1,OFF,ON
2026-09-02 08:00:00,Library,L101,18.12,42,26.5,OFF,ON
2026-09-02 08:00:00,Library,L102,11.32,37,28.1,OFF,ON
2026-09-02 08:00:00,Hostel Block,H101,11.48,29,25.3,OFF,ON
2026-09-02 08:00:00,Hostel Block,H102,18.24,28,27.1,OFF,ON
2026-09-02 08:00:00,Hostel Block,H103,11.95,29,33.2,OFF,ON
2026-09-02 08:00:00,Laboratory Block,LAB1,20.05,41,28.4,OFF,ON
2026-09-02 08:00:00,Laboratory Block,LAB2,45.25,1,32.2,OFF,ON
2026-09-02 08:00:00,Laboratory Block,LAB3,16.82,37,31.4,OFF,ON
2026-09-02 09:00:00,Academic Block,A101,18.0,33,25.2,ON,ON
2026-09-02 09:00:00,Academic Block,A102,18.68,33,26.0,ON,ON
2026-09-02 09:00:00,Academic Block,A103,15.73,54,25.4,ON,ON
2026-09-02 09:00:00,Engineering Block,E201,18.18,28,27.7,ON,ON
2026-09-02 09:00:00,Engineering Block,E202,11.34,18,32.9,ON,ON
2026-09-02 09:00:00,Engineering Block,E203,22.32,36,26.7,ON,ON
2026-09-02 09:00:00,Library,L101,15.89,44,27.4,ON,ON
2026-09-02 09:00:00,Library,L102,10.89,35,32.5,ON,ON
2026-09-02 09:00:00,Hostel Block,H101,17.55,23,31.0,ON,ON
2026-09-02 09:00:00,Hostel Block,H102,7.5,15,31.3,ON,ON
2026-09-02 09:00:00,Hostel Block,H103,15.37,29,33.0,ON,ON
2026-09-02 09:00:00,Laboratory Block,LAB1,23.72,52,31.3,ON,ON
2026-09-02 09:00:00,Laboratory Block,LAB2,18.64,42,32.1,ON,ON
2026-09-02 09:00:00,Laboratory Block,LAB3,21.71,38,31.7,ON,ON
2026-09-02 10:00:00,Academic Block,A101,16.91,20,25.0,ON,ON
2026-09-02 10:00:00,Academic Block,A102,12.55,41,27.5,ON,ON
2026-09-02 10:00:00,Academic Block,A103,14.31,49,30.5,ON,ON
2026-09-02 10:00:00,Engineering Block,E201,17.42,27,32.7,ON,ON
2026-09-02 10:00:00,Engineering Block,E202,14.18,34,28.0,ON,ON
2026-09-02 10:00:00,Engineering Block,E203,19.33,56,33.4,ON,ON
2026-09-02 10:00:00,Library,L101,21.43,55,29.8,ON,ON
2026-09-02 10:00:00,Library,L102,17.89,53,31.3,ON,ON
2026-09-02 10:00:00,Hostel Block,H101,17.8,59,28.8,ON,ON
2026-09-02 10:00:00,Hostel Block,H102,19.93,59,27.8,ON,ON
2026-09-02 10:00:00,Hostel Block,H103,7.87,19,30.7,ON,ON
2026-09-02 10:00:00,Laboratory Block,LAB1,15.96,37,32.8,ON,ON
2026-09-02 10:00:00,Laboratory Block,LAB2,21.61,47,28.3,ON,ON
2026-09-02 10:00:00,Laboratory Block,LAB3,24.1,34,28.6,ON,ON
2026-09-02 11:00:00,Academic Block,A101,14.09,16,31.1,ON,ON
2026-09-02 11:00:00,Academic Block,A102,13.62,24,26.2,ON,ON
2026-09-02 11:00:00,Academic Block,A103,14.79,17,26.1,ON,ON
2026-09-02 11:00:00,Engineering Block,E201,22.41,30,32.4,ON,ON
2026-09-02 11:00:00,Engineering Block,E202,21.41,57,30.2,ON,ON
2026-09-02 11:00:00,Engineering Block,E203,19.42,45,32.4,ON,ON
2026-09-02 11:00:00,Library,L101,17.85,57,31.1,ON,ON
2026-09-02 11:00:00,Library,L102,16.06,44,32.2,ON,ON
2026-09-02 11:00:00,Hostel Block,H101,35.96,2,25.9,ON,ON
2026-09-02 11:00:00,Hostel Block,H102,16.43,50,29.7,ON,ON
2026-09-02 11:00:00,Hostel Block,H103,9.58,21,33.0,ON,ON
2026-09-02 11:00:00,Laboratory Block,LAB1,21.62,43,28.4,ON,ON
2026-09-02 11:00:00,Laboratory Block,LAB2,20.25,41,27.8,ON,ON
2026-09-02 11:00:00,Laboratory Block,LAB3,25.62,48,30.2,ON,ON
2026-09-02 12:00:00,Academic Block,A101,23.57,59,27.1,ON,ON
2026-09-02 12:00:00,Academic Block,A102,17.69,59,25.4,ON,ON
2026-09-02 12:00:00,Academic Block,A103,17.35,56,27.8,ON,ON
2026-09-02 12:00:00,Engineering Block,E201,25.4,56,26.0,ON,ON
2026-09-02 12:00:00,Engineering Block,E202,17.99,37,34.0,ON,ON
2026-09-02 12:00:00,Engineering Block,E203,16.51,31,28.1,ON,ON
2026-09-02 12:00:00,Library,L101,14.47,27,31.9,ON,ON
2026-09-02 12:00:00,Library,L102,21.67,56,31.4,ON,ON
2026-09-02 12:00:00,Hostel Block,H101,16.05,58,32.5,ON,ON
2026-09-02 12:00:00,Hostel Block,H102,20.7,38,26.4,ON,ON
2026-09-02 12:00:00,Hostel Block,H103,17.0,31,27.7,ON,ON
2026-09-02 12:00:00,Laboratory Block,LAB1,16.96,33,28.6,ON,ON
2026-09-02 12:00:00,Laboratory Block,LAB2,26.57,50,26.2,ON,ON
2026-09-02 12:00:00,Laboratory Block,LAB3,23.43,59,25.3,ON,ON
2026-09-02 13:00:00,Academic Block,A101,15.79,19,27.5,ON,ON
2026-09-02 13:00:00,Academic Block,A102,19.14,31,29.6,ON,ON
2026-09-02 13:00:00,Academic Block,A103,13.89,20,28.4,ON,ON
2026-09-02 13:00:00,Engineering Block,E201,18.11,38,30.5,ON,ON
2026-09-02 13:00:00,Engineering Block,E202,21.31,31,33.8,ON,ON
2026-09-02 13:00:00,Engineering Block,E203,18.77,18,29.3,ON,ON
2026-09-02 13:00:00,Library,L101,18.24,59,32.6,ON,ON
2026-09-02 13:00:00,Library,L102,15.36,52,25.3,ON,ON
2026-09-02 13:00:00,Hostel Block,H101,17.13,30,33.4,ON,ON
2026-09-02 13:00:00,Hostel Block,H102,9.94,24,27.7,ON,ON
2026-09-02 13:00:00,Hostel Block,H103,18.03,38,29.8,ON,ON
2026-09-02 13:00:00,Laboratory Block,LAB1,23.25,22,25.8,ON,ON
2026-09-02 13:00:00,Laboratory Block,LAB2,25.84,50,31.7,ON,ON
2026-09-02 13:00:00,Laboratory Block,LAB3,21.07,19,32.3,ON,ON
2026-09-02 14:00:00,Academic Block,A101,17.09,54,31.5,ON,ON
2026-09-02 14:00:00,Academic Block,A102,12.41,45,28.1,ON,ON
2026-09-02 14:00:00,Academic Block,A103,20.83,59,25.1,ON,ON
2026-09-02 14:00:00,Engineering Block,E201,11.17,16,29.5,ON,ON
2026-09-02 14:00:00,Engineering Block,E202,11.13,16,28.6,ON,ON
2026-09-02 14:00:00,Engineering Block,E203,19.96,53,27.6,ON,ON
2026-09-02 14:00:00,Library,L101,17.28,43,32.6,ON,ON
2026-09-02 14:00:00,Library,L102,15.08,27,28.2,ON,ON
2026-09-02 14:00:00,Hostel Block,H101,16.85,31,32.8,ON,ON
2026-09-02 14:00:00,Hostel Block,H102,16.93,34,27.2,ON,ON
2026-09-02 14:00:00,Hostel Block,H103,13.6,38,30.1,ON,ON
2026-09-02 14:00:00,Laboratory Block,LAB1,16.01,22,29.5,ON,ON
2026-09-02 14:00:00,Laboratory Block,LAB2,24.42,48,27.4,ON,ON
2026-09-02 14:00:00,Laboratory Block,LAB3,16.92,43,27.5,ON,ON
2026-09-02 15:00:00,Academic Block,A101,8.34,22,27.2,ON,ON
2026-09-02 15:00:00,Academic Block,A102,17.02,25,26.2,ON,ON
2026-09-02 15:00:00,Academic Block,A103,15.59,18,33.0,ON,ON
2026-09-02 15:00:00,Engineering Block,E201,18.65,26,26.0,ON,ON
2026-09-02 15:00:00,Engineering Block,E202,22.59,41,31.1,ON,ON
2026-09-02 15:00:00,Engineering Block,E203,23.21,57,33.7,ON,ON
2026-09-02 15:00:00,Library,L101,13.83,39,25.9,ON,ON
2026-09-02 15:00:00,Library,L102,14.45,56,29.5,ON,ON
2026-09-02 15:00:00,Hostel Block,H101,16.93,49,26.9,ON,ON
2026-09-02 15:00:00,Hostel Block,H102,15.83,21,28.7,ON,ON
2026-09-02 15:00:00,Hostel Block,H103,13.21,30,32.8,ON,ON
2026-09-02 15:00:00,Laboratory Block,LAB1,24.28,50,30.5,ON,ON
2026-09-02 15:00:00,Laboratory Block,LAB2,14.41,21,31.6,ON,ON
2026-09-02 15:00:00,Laboratory Block,LAB3,23.43,42,26.8,ON,ON
2026-09-02 16:00:00,Academic Block,A101,19.02,49,32.4,ON,ON
2026-09-02 16:00:00,Academic Block,A102,24.95,1,28.4,ON,ON
2026-09-02 16:00:00,Academic Block,A103,18.21,39,28.0,ON,ON
2026-09-02 16:00:00,Engineering Block,E201,19.09,43,33.7,ON,ON
2026-09-02 16:00:00,Engineering Block,E202,17.65,34,27.4,ON,ON
2026-09-02 16:00:00,Engineering Block,E203,13.16,26,25.2,ON,ON
2026-09-02 16:00:00,Library,L101,14.02,48,28.9,ON,ON
2026-09-02 16:00:00,Library,L102,11.63,21,28.3,ON,ON
2026-09-02 16:00:00,Hostel Block,H101,17.98,50,32.9,ON,ON
2026-09-02 16:00:00,Hostel Block,H102,16.13,22,32.0,ON,ON
2026-09-02 16:00:00,Hostel Block,H103,16.69,18,31.4,ON,ON
2026-09-02 16:00:00,Laboratory Block,LAB1,21.52,27,29.3,ON,ON
2026-09-02 16:00:00,Laboratory Block,LAB2,15.84,23,29.8,ON,ON
2026-09-02 16:00:00,Laboratory Block,LAB3,17.66,46,28.3,ON,ON
2026-09-02 17:00:00,Academic Block,A101,22.36,56,32.6,ON,ON
2026-09-02 17:00:00,Academic Block,A102,17.16,27,30.7,ON,ON
2026-09-02 17:00:00,Academic Block,A103,21.65,57,33.5,ON,ON
2026-09-02 17:00:00,Engineering Block,E201,38.54,0,25.6,ON,ON
2026-09-02 17:00:00,Engineering Block,E202,24.63,47,29.8,ON,ON
2026-09-02 17:00:00,Engineering Block,E203,22.87,35,30.6,ON,ON
2026-09-02 17:00:00,Library,L101,14.67,28,28.9,ON,ON
2026-09-02 17:00:00,Library,L102,16.26,43,33.1,ON,ON
2026-09-02 17:00:00,Hostel Block,H101,16.68,25,32.7,ON,ON
2026-09-02 17:00:00,Hostel Block,H102,15.87,30,29.5,ON,ON
2026-09-02 17:00:00,Hostel Block,H103,11.5,26,28.9,ON,ON
2026-09-02 17:00:00,Laboratory Block,LAB1,24.61,32,26.7,ON,ON
2026-09-02 17:00:00,Laboratory Block,LAB2,24.18,48,28.6,ON,ON
2026-09-02 17:00:00,Laboratory Block,LAB3,14.92,22,29.3,ON,ON
2026-09-02 18:00:00,Academic Block,A101,10.33,5,32.0,OFF,ON
2026-09-02 18:00:00,Academic Block,A102,14.93,26,32.5,OFF,ON
2026-09-02 18:00:00,Academic Block,A103,15.15,14,25.4,OFF,ON
2026-09-02 18:00:00,Engineering Block,E201,42.76,2,25.9,OFF,ON
2026-09-02 18:00:00,Engineering Block,E202,11.74,17,27.6,OFF,ON
2026-09-02 18:00:00,Engineering Block,E203,16.4,23,29.6,OFF,ON
2026-09-02 18:00:00,Library,L101,16.14,24,33.3,OFF,ON
2026-09-02 18:00:00,Library,L102,13.92,18,33.9,OFF,ON
2026-09-02 18:00:00,Hostel Block,H101,14.87,22,27.2,OFF,ON
2026-09-02 18:00:00,Hostel Block,H102,8.88,24,32.6,OFF,ON
2026-09-02 18:00:00,Hostel Block,H103,7.5,5,32.8,OFF,ON
2026-09-02 18:00:00,Laboratory Block,LAB1,18.54,9,30.1,OFF,ON
2026-09-02 18:00:00,Laboratory Block,LAB2,16.27,23,28.2,OFF,ON
2026-09-02 18:00:00,Laboratory Block,LAB3,15.81,12,31.9,OFF,ON
2026-09-02 19:00:00,Academic Block,A101,10.35,22,30.3,OFF,ON
2026-09-02 19:00:00,Academic Block,A102,6.98,11,30.7,OFF,ON
2026-09-02 19:00:00,Academic Block,A103,11.12,7,28.7,OFF,ON
2026-09-02 19:00:00,Engineering Block,E201,16.14,8,31.9,OFF,ON
2026-09-02 19:00:00,Engineering Block,E202,16.98,29,25.4,OFF,ON
2026-09-02 19:00:00,Engineering Block,E203,19.41,25,25.0,OFF,ON
2026-09-02 19:00:00,Library,L101,36.82,2,26.8,OFF,ON
2026-09-02 19:00:00,Library,L102,16.19,26,33.7,OFF,ON
2026-09-02 19:00:00,Hostel Block,H101,12.01,19,31.8,OFF,ON
2026-09-02 19:00:00,Hostel Block,H102,13.48,9,32.4,OFF,ON
2026-09-02 19:00:00,Hostel Block,H103,15.92,19,33.9,OFF,ON
2026-09-02 19:00:00,Laboratory Block,LAB1,15.25,25,28.4,OFF,ON
2026-09-02 19:00:00,Laboratory Block,LAB2,18.71,6,30.3,OFF,ON
2026-09-02 19:00:00,Laboratory Block,LAB3,17.97,29,33.5,OFF,ON
2026-09-02 20:00:00,Academic Block,A101,7.38,9,29.6,OFF,ON
2026-09-02 20:00:00,Academic Block,A102,11.44,13,26.4,OFF,ON
2026-09-02 20:00:00,Academic Block,A103,15.71,10,31.3,OFF,ON
2026-09-02 20:00:00,Engineering Block,E201,11.46,21,25.5,OFF,ON
2026-09-02 20:00:00,Engineering Block,E202,21.39,24,32.7,OFF,ON
2026-09-02 20:00:00,Engineering Block,E203,15.2,19,29.9,OFF,ON
2026-09-02 20:00:00,Library,L101,24.23,2,31.6,OFF,ON
2026-09-02 20:00:00,Library,L102,15.45,5,28.9,OFF,ON
2026-09-02 20:00:00,Hostel Block,H101,15.51,23,29.8,OFF,ON
2026-09-02 20:00:00,Hostel Block,H102,13.53,9,32.8,OFF,ON
2026-09-02 20:00:00,Hostel Block,H103,15.57,7,27.0,OFF,ON
2026-09-02 20:00:00,Laboratory Block,LAB1,17.45,8,27.8,OFF,ON
2026-09-02 20:00:00,Laboratory Block,LAB2,14.3,12,30.6,OFF,ON
2026-09-02 20:00:00,Laboratory Block,LAB3,19.73,23,27.2,OFF,ON
2026-09-02 21:00:00,Academic Block,A101,10.28,16,27.8,OFF,ON
2026-09-02 21:00:00,Academic Block,A102,10.06,5,32.9,OFF,ON
2026-09-02 21:00:00,Academic Block,A103,8.61,5,28.9,OFF,ON
2026-09-02 21:00:00,Engineering Block,E201,10.95,6,28.4,OFF,ON
2026-09-02 21:00:00,Engineering Block,E202,15.97,11,26.8,OFF,ON
2026-09-02 21:00:00,Engineering Block,E203,22.1,28,27.9,OFF,ON
2026-09-02 21:00:00,Library,L101,7.48,12,29.7,OFF,ON
2026-09-02 21:00:00,Library,L102,16.14,9,30.0,OFF,ON
2026-09-02 21:00:00,Hostel Block,H101,11.62,21,28.6,OFF,ON
2026-09-02 21:00:00,Hostel Block,H102,16.75,29,30.7,OFF,ON
2026-09-02 21:00:00,Hostel Block,H103,13.2,15,26.5,OFF,ON
2026-09-02 21:00:00,Laboratory Block,LAB1,12.87,13,30.4,OFF,ON
2026-09-02 21:00:00,Laboratory Block,LAB2,13.9,25,33.7,OFF,ON
2026-09-02 21:00:00,Laboratory Block,LAB3,17.47,5,30.3,OFF,ON
2026-09-02 22:00:00,Academic Block,A101,13.81,1,33.5,OFF,ON
2026-09-02 22:00:00,Academic Block,A102,12.67,2,32.9,OFF,ON
2026-09-02 22:00:00,Academic Block,A103,8.89,1,25.5,OFF,ON
2026-09-02 22:00:00,Engineering Block,E201,13.42,0,33.5,OFF,OFF
2026-09-02 22:00:00,Engineering Block,E202,15.54,1,26.9,OFF,ON
2026-09-02 22:00:00,Engineering Block,E203,12.64,2,25.8,OFF,ON
2026-09-02 22:00:00,Library,L101,14.06,3,32.4,OFF,ON
2026-09-02 22:00:00,Library,L102,11.19,2,30.5,OFF,ON
2026-09-02 22:00:00,Hostel Block,H101,7.49,3,30.9,OFF,ON
2026-09-02 22:00:00,Hostel Block,H102,5.59,3,27.2,OFF,ON
2026-09-02 22:00:00,Hostel Block,H103,5.78,1,29.1,OFF,ON
2026-09-02 22:00:00,Laboratory Block,LAB1,16.25,2,28.3,OFF,ON
2026-09-02 22:00:00,Laboratory Block,LAB2,15.24,2,27.5,OFF,ON
2026-09-02 22:00:00,Laboratory Block,LAB3,12.53,0,33.9,OFF,OFF
2026-09-02 23:00:00,Academic Block,A101,14.21,0,30.3,OFF,OFF
2026-09-02 23:00:00,Academic Block,A102,41.41,0,32.7,ON,ON
2026-09-02 23:00:00,Academic Block,A103,7.63,1,31.3,OFF,ON
2026-09-02 23:00:00,Engineering Block,E201,9.89,3,32.1,OFF,ON
2026-09-02 23:00:00,Engineering Block,E202,14.29,2,26.8,OFF,ON
2026-09-02 23:00:00,Engineering Block,E203,13.21,2,33.3,OFF,ON
2026-09-02 23:00:00,Library,L101,9.24,1,33.3,OFF,ON
2026-09-02 23:00:00,Library,L102,6.86,0,31.0,OFF,OFF
2026-09-02 23:00:00,Hostel Block,H101,38.78,0,32.3,ON,ON
2026-09-02 23:00:00,Hostel Block,H102,10.51,1,28.2,OFF,ON
2026-09-02 23:00:00,Hostel Block,H103,13.28,0,26.9,OFF,OFF
2026-09-02 23:00:00,Laboratory Block,LAB1,13.89,1,27.4,OFF,ON
2026-09-02 23:00:00,Laboratory Block,LAB2,14.53,4,30.0,OFF,ON
2026-09-02 23:00:00,Laboratory Block,LAB3,17.37,4,32.5,OFF,ON
2026-09-03 00:00:00,Academic Block,A101,5.13,0,27.7,OFF,OFF
2026-09-03 00:00:00,Academic Block,A102,25.72,1,26.1,OFF,ON
2026-09-03 00:00:00,Academic Block,A103,31.59,2,26.5,OFF,ON
2026-09-03 00:00:00,Engineering Block,E201,10.72,2,28.2,OFF,ON
2026-09-03 00:00:00,Engineering Block,E202,10.12,0,27.8,OFF,OFF
2026-09-03 00:00:00,Engineering Block,E203,11.66,2,31.7,OFF,ON
2026-09-03 00:00:00,Library,L101,9.16,0,28.9,OFF,OFF
2026-09-03 00:00:00,Library,L102,6.87,1,29.5,OFF,ON
2026-09-03 00:00:00,Hostel Block,H101,5.37,1,33.5,OFF,ON
2026-09-03 00:00:00,Hostel Block,H102,8.97,4,26.3,OFF,ON
2026-09-03 00:00:00,Hostel Block,H103,13.25,4,31.1,OFF,ON
2026-09-03 00:00:00,Laboratory Block,LAB1,10.18,0,32.1,OFF,OFF
2026-09-03 00:00:00,Laboratory Block,LAB2,34.92,0,31.2,OFF,ON
2026-09-03 00:00:00,Laboratory Block,LAB3,14.65,0,32.9,OFF,OFF
2026-09-03 01:00:00,Academic Block,A101,10.32,0,29.6,OFF,OFF
2026-09-03 01:00:00,Academic Block,A102,16.44,1,28.7,OFF,ON
2026-09-03 01:00:00,Academic Block,A103,7.27,3,31.7,OFF,ON
2026-09-03 01:00:00,Engineering Block,E201,8.74,0,28.4,OFF,OFF
2026-09-03 01:00:00,Engineering Block,E202,14.19,4,27.9,OFF,ON
2026-09-03 01:00:00,Engineering Block,E203,15.37,2,28.4,OFF,ON
2026-09-03 01:00:00,Library,L101,14.59,2,28.4,OFF,ON
2026-09-03 01:00:00,Library,L102,5.05,0,32.2,OFF,OFF
2026-09-03 01:00:00,Hostel Block,H101,10.81,0,28.8,OFF,OFF
2026-09-03 01:00:00,Hostel Block,H102,12.74,1,25.1,OFF,ON
2026-09-03 01:00:00,Hostel Block,H103,7.0,2,26.8,OFF,ON
2026-09-03 01:00:00,Laboratory Block,LAB1,12.58,0,30.4,OFF,OFF
2026-09-03 01:00:00,Laboratory Block,LAB2,15.94,1,30.7,OFF,ON
2026-09-03 01:00:00,Laboratory Block,LAB3,17.73,4,28.5,OFF,ON
2026-09-03 02:00:00,Academic Block,A101,7.75,4,28.8,OFF,ON
2026-09-03 02:00:00,Academic Block,A102,10.85,0,26.2,OFF,OFF
2026-09-03 02:00:00,Academic Block,A103,7.72,0,31.2,OFF,OFF
2026-09-03 02:00:00,Engineering Block,E201,11.85,4,27.4,OFF,ON
2026-09-03 02:00:00,Engineering Block,E202,15.15,4,32.4,OFF,ON
2026-09-03 02:00:00,Engineering Block,E203,13.07,3,33.8,OFF,ON
2026-09-03 02:00:00,Library,L101,9.13,3,28.9,OFF,ON
2026-09-03 02:00:00,Library,L102,14.39,4,27.2,OFF,ON
2026-09-03 02:00:00,Hostel Block,H101,12.99,1,28.9,OFF,ON
2026-09-03 02:00:00,Hostel Block,H102,9.96,4,31.0,OFF,ON
2026-09-03 02:00:00,Hostel Block,H103,10.77,0,25.6,OFF,OFF
2026-09-03 02:00:00,Laboratory Block,LAB1,33.26,2,32.2,OFF,ON
2026-09-03 02:00:00,Laboratory Block,LAB2,13.78,4,33.7,OFF,ON
2026-09-03 02:00:00,Laboratory Block,LAB3,31.9,2,25.7,OFF,ON
2026-09-03 03:00:00,Academic Block,A101,12.21,1,27.8,OFF,ON
2026-09-03 03:00:00,Academic Block,A102,10.78,1,30.6,OFF,ON
2026-09-03 03:00:00,Academic Block,A103,5.69,0,30.7,OFF,OFF
2026-09-03 03:00:00,Engineering Block,E201,12.49,4,27.1,OFF,ON
2026-09-03 03:00:00,Engineering Block,E202,11.57,1,29.7,OFF,ON
2026-09-03 03:00:00,Engineering Block,E203,13.39,3,32.7,OFF,ON
2026-09-03 03:00:00,Library,L101,14.79,2,32.5,OFF,ON
2026-09-03 03:00:00,Library,L102,6.97,2,29.5,OFF,ON
2026-09-03 03:00:00,Hostel Block,H101,5.7,0,30.0,OFF,OFF
2026-09-03 03:00:00,Hostel Block,H102,6.79,0,31.3,OFF,OFF
2026-09-03 03:00:00,Hostel Block,H103,35.58,2,25.5,OFF,ON
2026-09-03 03:00:00,Laboratory Block,LAB1,15.0,3,31.2,OFF,ON
2026-09-03 03:00:00,Laboratory Block,LAB2,14.17,1,26.4,OFF,ON
2026-09-03 03:00:00,Laboratory Block,LAB3,11.24,3,31.7,OFF,ON
2026-09-03 04:00:00,Academic Block,A101,5.77,3,28.8,OFF,ON
2026-09-03 04:00:00,Academic Block,A102,7.91,3,31.2,OFF,ON
2026-09-03 04:00:00,Academic Block,A103,14.16,2,26.8,OFF,ON
2026-09-03 04:00:00,Engineering Block,E201,17.97,0,25.3,OFF,OFF
2026-09-03 04:00:00,Engineering Block,E202,12.65,0,32.6,OFF,OFF
2026-09-03 04:00:00,Engineering Block,E203,18.35,4,32.4,OFF,ON
2026-09-03 04:00:00,Library,L101,10.82,2,32.1,OFF,ON
2026-09-03 04:00:00,Library,L102,9.99,2,27.4,OFF,ON
2026-09-03 04:00:00,Hostel Block,H101,10.9,4,33.9,OFF,ON
2026-09-03 04:00:00,Hostel Block,H102,8.23,3,32.2,OFF,ON
2026-09-03 04:00:00,Hostel Block,H103,13.72,3,28.3,OFF,ON
2026-09-03 04:00:00,Laboratory Block,LAB1,12.56,3,32.3,OFF,ON
2026-09-03 04:00:00,Laboratory Block,LAB2,18.44,1,31.4,OFF,ON
2026-09-03 04:00:00,Laboratory Block,LAB3,15.21,1,26.3,OFF,ON
2026-09-03 05:00:00,Academic Block,A101,9.42,0,33.9,OFF,OFF
2026-09-03 05:00:00,Academic Block,A102,9.79,4,29.1,OFF,ON
2026-09-03 05:00:00,Academic Block,A103,15.22,2,31.0,OFF,ON
2026-09-03 05:00:00,Engineering Block,E201,18.49,4,33.0,OFF,ON
2026-09-03 05:00:00,Engineering Block,E202,12.86,1,30.9,OFF,ON
2026-09-03 05:00:00,Engineering Block,E203,12.06,3,32.7,OFF,ON
2026-09-03 05:00:00,Library,L101,9.61,3,29.6,OFF,ON
2026-09-03 05:00:00,Library,L102,6.75,0,30.1,OFF,OFF
2026-09-03 05:00:00,Hostel Block,H101,15.15,3,33.4,OFF,ON
2026-09-03 05:00:00,Hostel Block,H102,7.1,3,32.7,OFF,ON
2026-09-03 05:00:00,Hostel Block,H103,11.37,4,30.0,OFF,ON
2026-09-03 05:00:00,Laboratory Block,LAB1,19.69,2,33.0,OFF,ON
2026-09-03 05:00:00,Laboratory Block,LAB2,18.56,4,26.6,OFF,ON
2026-09-03 05:00:00,Laboratory Block,LAB3,38.34,2,27.2,OFF,ON
2026-09-03 06:00:00,Academic Block,A101,11.27,0,31.8,OFF,OFF
2026-09-03 06:00:00,Academic Block,A102,6.54,4,29.4,OFF,ON
2026-09-03 06:00:00,Academic Block,A103,7.68,2,33.2,OFF,ON
2026-09-03 06:00:00,Engineering Block,E201,15.02,0,30.5,OFF,OFF
2026-09-03 06:00:00,Engineering Block,E202,16.29,4,28.6,OFF,ON
2026-09-03 06:00:00,Engineering Block,E203,16.23,4,25.4,OFF,ON
2026-09-03 06:00:00,Library,L101,9.68,0,32.0,OFF,OFF
2026-09-03 06:00:00,Library,L102,13.53,0,33.4,OFF,OFF
2026-09-03 06:00:00,Hostel Block,H101,9.79,2,27.1,OFF,ON
2026-09-03 06:00:00,Hostel Block,H102,11.08,0,27.5,OFF,OFF
2026-09-03 06:00:00,Hostel Block,H103,9.07,1,31.8,OFF,ON
2026-09-03 06:00:00,Laboratory Block,LAB1,16.92,1,30.1,OFF,ON
2026-09-03 06:00:00,Laboratory Block,LAB2,13.33,1,31.7,OFF,ON
2026-09-03 06:00:00,Laboratory Block,LAB3,12.34,0,28.1,OFF,OFF
2026-09-03 07:00:00,Academic Block,A101,11.67,2,30.4,OFF,ON
2026-09-03 07:00:00,Academic Block,A102,13.93,3,33.5,OFF,ON
2026-09-03 07:00:00,Academic Block,A103,14.28,1,28.1,OFF,ON
2026-09-03 07:00:00,Engineering Block,E201,15.06,0,30.6,OFF,OFF
2026-09-03 07:00:00,Engineering Block,E202,9.72,2,27.8,OFF,ON
2026-09-03 07:00:00,Engineering Block,E203,17.35,0,26.7,OFF,OFF
2026-09-03 07:00:00,Library,L101,7.1,3,27.2,OFF,ON
2026-09-03 07:00:00,Library,L102,10.07,4,29.5,OFF,ON
2026-09-03 07:00:00,Hostel Block,H101,14.2,1,30.8,OFF,ON
2026-09-03 07:00:00,Hostel Block,H102,6.75,4,33.5,OFF,ON
2026-09-03 07:00:00,Hostel Block,H103,11.64,0,28.7,OFF,OFF
2026-09-03 07:00:00,Laboratory Block,LAB1,18.02,3,27.7,OFF,ON
2026-09-03 07:00:00,Laboratory Block,LAB2,17.3,0,33.5,OFF,OFF
2026-09-03 07:00:00,Laboratory Block,LAB3,11.65,3,31.6,OFF,ON
2026-09-03 08:00:00,Academic Block,A101,18.85,29,26.2,OFF,ON
2026-09-03 08:00:00,Academic Block,A102,11.87,38,29.9,OFF,ON
2026-09-03 08:00:00,Academic Block,A103,17.14,37,33.4,OFF,ON
2026-09-03 08:00:00,Engineering Block,E201,20.55,37,28.7,OFF,ON
2026-09-03 08:00:00,Engineering Block,E202,19.57,22,32.2,OFF,ON
2026-09-03 08:00:00,Engineering Block,E203,16.84,51,33.8,OFF,ON
2026-09-03 08:00:00,Library,L101,14.79,16,25.3,OFF,ON
2026-09-03 08:00:00,Library,L102,17.63,26,32.1,OFF,ON
2026-09-03 08:00:00,Hostel Block,H101,21.14,42,27.3,OFF,ON
2026-09-03 08:00:00,Hostel Block,H102,12.7,48,25.5,OFF,ON
2026-09-03 08:00:00,Hostel Block,H103,22.99,54,30.2,OFF,ON
2026-09-03 08:00:00,Laboratory Block,LAB1,26.64,56,32.4,OFF,ON
2026-09-03 08:00:00,Laboratory Block,LAB2,14.88,22,25.5,OFF,ON
2026-09-03 08:00:00,Laboratory Block,LAB3,22.47,52,29.3,OFF,ON
2026-09-03 09:00:00,Academic Block,A101,16.38,22,32.4,ON,ON
2026-09-03 09:00:00,Academic Block,A102,12.52,49,31.1,ON,ON
2026-09-03 09:00:00,Academic Block,A103,12.53,48,29.3,ON,ON
2026-09-03 09:00:00,Engineering Block,E201,16.12,32,33.4,ON,ON
2026-09-03 09:00:00,Engineering Block,E202,17.86,58,30.5,ON,ON
2026-09-03 09:00:00,Engineering Block,E203,19.13,31,27.1,ON,ON
2026-09-03 09:00:00,Library,L101,21.85,58,30.5,ON,ON
2026-09-03 09:00:00,Library,L102,11.69,15,31.8,ON,ON
2026-09-03 09:00:00,Hostel Block,H101,13.35,51,28.6,ON,ON
2026-09-03 09:00:00,Hostel Block,H102,20.37,42,26.4,ON,ON
2026-09-03 09:00:00,Hostel Block,H103,12.97,16,27.1,ON,ON
2026-09-03 09:00:00,Laboratory Block,LAB1,16.58,23,32.5,ON,ON
2026-09-03 09:00:00,Laboratory Block,LAB2,24.3,53,30.7,ON,ON
2026-09-03 09:00:00,Laboratory Block,LAB3,15.23,32,32.0,ON,ON
2026-09-03 10:00:00,Academic Block,A101,20.43,59,25.1,ON,ON
2026-09-03 10:00:00,Academic Block,A102,17.49,58,33.2,ON,ON
2026-09-03 10:00:00,Academic Block,A103,18.57,54,27.5,ON,ON
2026-09-03 10:00:00,Engineering Block,E201,18.83,17,31.4,ON,ON
2026-09-03 10:00:00,Engineering Block,E202,19.93,31,28.1,ON,ON
2026-09-03 10:00:00,Engineering Block,E203,14.72,36,28.4,ON,ON
2026-09-03 10:00:00,Library,L101,13.66,56,30.4,ON,ON
2026-09-03 10:00:00,Library,L102,15.23,55,25.6,ON,ON
2026-09-03 10:00:00,Hostel Block,H101,14.72,37,26.4,ON,ON
2026-09-03 10:00:00,Hostel Block,H102,18.82,39,31.5,ON,ON
2026-09-03 10:00:00,Hostel Block,H103,13.77,55,26.4,ON,ON
2026-09-03 10:00:00,Laboratory Block,LAB1,13.99,25,32.5,ON,ON
2026-09-03 10:00:00,Laboratory Block,LAB2,21.66,16,28.8,ON,ON
2026-09-03 10:00:00,Laboratory Block,LAB3,23.38,32,31.6,ON,ON
2026-09-03 11:00:00,Academic Block,A101,16.61,57,25.4,ON,ON
2026-09-03 11:00:00,Academic Block,A102,13.01,53,25.6,ON,ON
2026-09-03 11:00:00,Academic Block,A103,17.34,22,28.4,ON,ON
2026-09-03 11:00:00,Engineering Block,E201,16.0,26,26.5,ON,ON
2026-09-03 11:00:00,Engineering Block,E202,23.67,50,33.4,ON,ON
2026-09-03 11:00:00,Engineering Block,E203,20.71,43,27.6,ON,ON
2026-09-03 11:00:00,Library,L101,8.66,21,29.4,ON,ON
2026-09-03 11:00:00,Library,L102,19.44,50,30.0,ON,ON
2026-09-03 11:00:00,Hostel Block,H101,20.25,51,26.4,ON,ON
2026-09-03 11:00:00,Hostel Block,H102,16.58,50,26.1,ON,ON
2026-09-03 11:00:00,Hostel Block,H103,15.52,44,31.3,ON,ON
2026-09-03 11:00:00,Laboratory Block,LAB1,19.9,43,28.0,ON,ON
2026-09-03 11:00:00,Laboratory Block,LAB2,21.43,33,32.9,ON,ON
2026-09-03 11:00:00,Laboratory Block,LAB3,25.14,46,28.6,ON,ON
2026-09-03 12:00:00,Academic Block,A101,13.47,51,25.3,ON,ON
2026-09-03 12:00:00,Academic Block,A102,10.01,23,33.9,ON,ON
2026-09-03 12:00:00,Academic Block,A103,18.13,49,32.8,ON,ON
2026-09-03 12:00:00,Engineering Block,E201,14.74,16,29.0,ON,ON
2026-09-03 12:00:00,Engineering Block,E202,23.41,46,26.8,ON,ON
2026-09-03 12:00:00,Engineering Block,E203,11.54,15,25.9,ON,ON
2026-09-03 12:00:00,Library,L101,9.3,26,33.0,ON,ON
2026-09-03 12:00:00,Library,L102,19.11,42,32.1,ON,ON
2026-09-03 12:00:00,Hostel Block,H101,11.21,33,33.8,ON,ON
2026-09-03 12:00:00,Hostel Block,H102,10.42,26,33.0,ON,ON
2026-09-03 12:00:00,Hostel Block,H103,13.15,16,28.9,ON,ON
2026-09-03 12:00:00,Laboratory Block,LAB1,20.52,24,27.1,ON,ON
2026-09-03 12:00:00,Laboratory Block,LAB2,20.91,56,30.9,ON,ON
2026-09-03 12:00:00,Laboratory Block,LAB3,19.68,57,34.0,ON,ON
2026-09-03 13:00:00,Academic Block,A101,12.22,26,29.2,ON,ON
2026-09-03 13:00:00,Academic Block,A102,20.62,48,29.3,ON,ON
2026-09-03 13:00:00,Academic Block,A103,14.25,50,27.7,ON,ON
2026-09-03 13:00:00,Engineering Block,E201,33.55,0,30.3,ON,ON
2026-09-03 13:00:00,Engineering Block,E202,20.6,28,26.1,ON,ON
2026-09-03 13:00:00,Engineering Block,E203,14.83,36,31.4,ON,ON
2026-09-03 13:00:00,Library,L101,19.44,30,30.4,ON,ON
2026-09-03 13:00:00,Library,L102,19.56,34,27.7,ON,ON
2026-09-03 13:00:00,Hostel Block,H101,34.74,1,30.7,ON,ON
2026-09-03 13:00:00,Hostel Block,H102,16.3,31,30.0,ON,ON
2026-09-03 13:00:00,Hostel Block,H103,22.94,58,29.1,ON,ON
2026-09-03 13:00:00,Laboratory Block,LAB1,20.17,41,31.6,ON,ON
2026-09-03 13:00:00,Laboratory Block,LAB2,17.19,47,27.9,ON,ON
2026-09-03 13:00:00,Laboratory Block,LAB3,23.7,37,33.0,ON,ON
2026-09-03 14:00:00,Academic Block,A101,12.3,43,29.9,ON,ON
2026-09-03 14:00:00,Academic Block,A102,13.55,41,25.9,ON,ON
2026-09-03 14:00:00,Academic Block,A103,17.05,25,33.8,ON,ON
2026-09-03 14:00:00,Engineering Block,E201,22.46,30,30.2,ON,ON
2026-09-03 14:00:00,Engineering Block,E202,14.28,15,31.1,ON,ON
2026-09-03 14:00:00,Engineering Block,E203,21.37,47,26.2,ON,ON
2026-09-03 14:00:00,Library,L101,16.42,59,32.2,ON,ON
2026-09-03 14:00:00,Library,L102,17.34,41,26.7,ON,ON
2026-09-03 14:00:00,Hostel Block,H101,22.35,59,26.8,ON,ON
2026-09-03 14:00:00,Hostel Block,H102,13.98,40,27.5,ON,ON
2026-09-03 14:00:00,Hostel Block,H103,22.7,53,29.3,ON,ON
2026-09-03 14:00:00,Laboratory Block,LAB1,26.6,56,25.4,ON,ON
2026-09-03 14:00:00,Laboratory Block,LAB2,24.33,52,26.4,ON,ON
2026-09-03 14:00:00,Laboratory Block,LAB3,19.56,21,29.2,ON,ON
2026-09-03 15:00:00,Academic Block,A101,12.49,26,33.2,ON,ON
2026-09-03 15:00:00,Academic Block,A102,16.72,27,31.3,ON,ON
2026-09-03 15:00:00,Academic Block,A103,18.06,25,31.1,ON,ON
2026-09-03 15:00:00,Engineering Block,E201,18.76,55,26.1,ON,ON
2026-09-03 15:00:00,Engineering Block,E202,22.16,40,29.2,ON,ON
2026-09-03 15:00:00,Engineering Block,E203,21.93,49,34.0,ON,ON
2026-09-03 15:00:00,Library,L101,40.07,2,29.1,ON,ON
2026-09-03 15:00:00,Library,L102,17.35,52,28.7,ON,ON
2026-09-03 15:00:00,Hostel Block,H101,15.06,55,27.4,ON,ON
2026-09-03 15:00:00,Hostel Block,H102,14.53,41,26.1,ON,ON
2026-09-03 15:00:00,Hostel Block,H103,15.85,31,31.3,ON,ON
2026-09-03 15:00:00,Laboratory Block,LAB1,14.44,23,26.0,ON,ON
2026-09-03 15:00:00,Laboratory Block,LAB2,24.21,57,33.2,ON,ON
2026-09-03 15:00:00,Laboratory Block,LAB3,20.08,30,32.8,ON,ON
2026-09-03 16:00:00,Academic Block,A101,22.35,53,31.8,ON,ON
2026-09-03 16:00:00,Academic Block,A102,14.75,44,32.1,ON,ON
2026-09-03 16:00:00,Academic Block,A103,13.77,40,33.5,ON,ON
2026-09-03 16:00:00,Engineering Block,E201,16.81,37,28.5,ON,ON
2026-09-03 16:00:00,Engineering Block,E202,18.11,33,30.2,ON,ON
2026-09-03 16:00:00,Engineering Block,E203,16.54,47,32.1,ON,ON
2026-09-03 16:00:00,Library,L101,10.38,35,27.0,ON,ON
2026-09-03 16:00:00,Library,L102,13.84,16,28.4,ON,ON
2026-09-03 16:00:00,Hostel Block,H101,18.14,57,31.8,ON,ON
2026-09-03 16:00:00,Hostel Block,H102,19.95,45,32.4,ON,ON
2026-09-03 16:00:00,Hostel Block,H103,12.13,43,27.0,ON,ON
2026-09-03 16:00:00,Laboratory Block,LAB1,19.39,35,33.6,ON,ON
2026-09-03 16:00:00,Laboratory Block,LAB2,16.44,42,29.3,ON,ON
2026-09-03 16:00:00,Laboratory Block,LAB3,18.89,19,31.9,ON,ON
2026-09-03 17:00:00,Academic Block,A101,16.69,53,30.6,ON,ON
2026-09-03 17:00:00,Academic Block,A102,10.62,24,28.5,ON,ON
2026-09-03 17:00:00,Academic Block,A103,18.57,27,33.0,ON,ON
2026-09-03 17:00:00,Engineering Block,E201,10.77,18,25.2,ON,ON
2026-09-03 17:00:00,Engineering Block,E202,19.33,17,30.0,ON,ON
2026-09-03 17:00:00,Engineering Block,E203,20.13,29,32.4,ON,ON
2026-09-03 17:00:00,Library,L101,14.16,58,33.5,ON,ON
2026-09-03 17:00:00,Library,L102,20.22,39,33.9,ON,ON
2026-09-03 17:00:00,Hostel Block,H101,11.66,28,28.2,ON,ON
2026-09-03 17:00:00,Hostel Block,H102,14.02,57,33.4,ON,ON
2026-09-03 17:00:00,Hostel Block,H103,17.72,42,28.7,ON,ON
2026-09-03 17:00:00,Laboratory Block,LAB1,20.9,34,25.2,ON,ON
2026-09-03 17:00:00,Laboratory Block,LAB2,21.99,40,31.6,ON,ON
2026-09-03 17:00:00,Laboratory Block,LAB3,15.75,27,25.5,ON,ON
2026-09-03 18:00:00,Academic Block,A101,12.57,14,29.3,OFF,ON
2026-09-03 18:00:00,Academic Block,A102,14.58,22,30.8,OFF,ON
2026-09-03 18:00:00,Academic Block,A103,17.32,18,31.6,OFF,ON
2026-09-03 18:00:00,Engineering Block,E201,20.03,15,26.6,OFF,ON
2026-09-03 18:00:00,Engineering Block,E202,14.78,27,31.6,OFF,ON
2026-09-03 18:00:00,Engineering Block,E203,20.26,24,25.5,OFF,ON
2026-09-03 18:00:00,Library,L101,10.65,7,31.1,OFF,ON
2026-09-03 18:00:00,Library,L102,10.25,26,31.1,OFF,ON
2026-09-03 18:00:00,Hostel Block,H101,14.7,16,30.1,OFF,ON
2026-09-03 18:00:00,Hostel Block,H102,9.03,13,28.2,OFF,ON
2026-09-03 18:00:00,Hostel Block,H103,14.94,27,33.4,OFF,ON
2026-09-03 18:00:00,Laboratory Block,LAB1,18.47,25,30.0,OFF,ON
2026-09-03 18:00:00,Laboratory Block,LAB2,21.72,23,27.3,OFF,ON
2026-09-03 18:00:00,Laboratory Block,LAB3,14.81,10,31.7,OFF,ON
2026-09-03 19:00:00,Academic Block,A101,12.9,12,29.4,OFF,ON
2026-09-03 19:00:00,Academic Block,A102,9.36,25,31.2,OFF,ON
2026-09-03 19:00:00,Academic Block,A103,23.48,1,27.6,OFF,ON
2026-09-03 19:00:00,Engineering Block,E201,10.79,7,29.2,OFF,ON
2026-09-03 19:00:00,Engineering Block,E202,14.77,21,26.1,OFF,ON
2026-09-03 19:00:00,Engineering Block,E203,12.58,29,32.8,OFF,ON
2026-09-03 19:00:00,Library,L101,12.17,6,32.3,OFF,ON
2026-09-03 19:00:00,Library,L102,12.67,13,26.6,OFF,ON
2026-09-03 19:00:00,Hostel Block,H101,12.9,27,28.9,OFF,ON
2026-09-03 19:00:00,Hostel Block,H102,12.65,10,25.7,OFF,ON
2026-09-03 19:00:00,Hostel Block,H103,11.49,29,27.5,OFF,ON
2026-09-03 19:00:00,Laboratory Block,LAB1,16.72,19,32.8,OFF,ON
2026-09-03 19:00:00,Laboratory Block,LAB2,13.35,21,26.4,OFF,ON
2026-09-03 19:00:00,Laboratory Block,LAB3,42.48,0,33.0,OFF,ON
2026-09-03 20:00:00,Academic Block,A101,15.75,13,25.4,OFF,ON
2026-09-03 20:00:00,Academic Block,A102,8.76,25,33.1,OFF,ON
2026-09-03 20:00:00,Academic Block,A103,14.3,17,27.2,OFF,ON
2026-09-03 20:00:00,Engineering Block,E201,15.7,6,33.4,OFF,ON
2026-09-03 20:00:00,Engineering Block,E202,21.1,25,27.7,OFF,ON
2026-09-03 20:00:00,Engineering Block,E203,13.87,29,28.0,OFF,ON
2026-09-03 20:00:00,Library,L101,16.64,29,30.2,OFF,ON
2026-09-03 20:00:00,Library,L102,10.32,7,30.8,OFF,ON
2026-09-03 20:00:00,Hostel Block,H101,13.68,23,33.3,OFF,ON
2026-09-03 20:00:00,Hostel Block,H102,15.36,19,33.1,OFF,ON
2026-09-03 20:00:00,Hostel Block,H103,12.92,10,25.2,OFF,ON
2026-09-03 20:00:00,Laboratory Block,LAB1,14.99,26,27.2,OFF,ON
2026-09-03 20:00:00,Laboratory Block,LAB2,17.56,14,33.3,OFF,ON
2026-09-03 20:00:00,Laboratory Block,LAB3,12.67,8,31.2,OFF,ON
2026-09-03 21:00:00,Academic Block,A101,9.89,29,31.0,OFF,ON
2026-09-03 21:00:00,Academic Block,A102,6.54,6,26.6,OFF,ON
2026-09-03 21:00:00,Academic Block,A103,11.29,20,31.0,OFF,ON
2026-09-03 21:00:00,Engineering Block,E201,14.49,24,32.0,OFF,ON
2026-09-03 21:00:00,Engineering Block,E202,16.58,12,27.3,OFF,ON
2026-09-03 21:00:00,Engineering Block,E203,18.4,12,33.6,OFF,ON
2026-09-03 21:00:00,Library,L101,10.73,27,32.5,OFF,ON
2026-09-03 21:00:00,Library,L102,11.98,8,27.8,OFF,ON
2026-09-03 21:00:00,Hostel Block,H101,16.3,20,31.4,OFF,ON
2026-09-03 21:00:00,Hostel Block,H102,14.97,20,28.3,OFF,ON
2026-09-03 21:00:00,Hostel Block,H103,15.17,27,27.8,OFF,ON
2026-09-03 21:00:00,Laboratory Block,LAB1,21.47,19,27.1,OFF,ON
2026-09-03 21:00:00,Laboratory Block,LAB2,15.53,17,32.0,OFF,ON
2026-09-03 21:00:00,Laboratory Block,LAB3,19.04,24,33.8,OFF,ON
2026-09-03 22:00:00,Academic Block,A101,6.72,0,26.5,OFF,OFF
2026-09-03 22:00:00,Academic Block,A102,9.76,4,25.6,OFF,ON
2026-09-03 22:00:00,Academic Block,A103,12.23,4,30.4,OFF,ON
2026-09-03 22:00:00,Engineering Block,E201,16.78,4,33.1,OFF,ON
2026-09-03 22:00:00,Engineering Block,E202,12.88,2,27.3,OFF,ON
2026-09-03 22:00:00,Engineering Block,E203,15.61,1,27.8,OFF,ON
2026-09-03 22:00:00,Library,L101,5.85,2,26.8,OFF,ON
2026-09-03 22:00:00,Library,L102,10.54,0,29.6,OFF,OFF
2026-09-03 22:00:00,Hostel Block,H101,6.8,4,25.6,OFF,ON
2026-09-03 22:00:00,Hostel Block,H102,12.06,0,27.8,OFF,OFF
2026-09-03 22:00:00,Hostel Block,H103,11.51,2,31.5,OFF,ON
2026-09-03 22:00:00,Laboratory Block,LAB1,31.57,0,26.7,ON,ON
2026-09-03 22:00:00,Laboratory Block,LAB2,17.99,4,31.2,OFF,ON
2026-09-03 22:00:00,Laboratory Block,LAB3,18.81,1,25.1,OFF,ON
2026-09-03 23:00:00,Academic Block,A101,13.38,2,27.9,OFF,ON
2026-09-03 23:00:00,Academic Block,A102,10.53,1,33.9,OFF,ON
2026-09-03 23:00:00,Academic Block,A103,10.95,4,32.7,OFF,ON
2026-09-03 23:00:00,Engineering Block,E201,8.48,2,33.1,OFF,ON
2026-09-03 23:00:00,Engineering Block,E202,9.37,0,29.8,OFF,OFF
2026-09-03 23:00:00,Engineering Block,E203,10.91,0,28.8,OFF,OFF
2026-09-03 23:00:00,Library,L101,13.53,3,31.6,OFF,ON
2026-09-03 23:00:00,Library,L102,8.13,1,27.7,OFF,ON
2026-09-03 23:00:00,Hostel Block,H101,11.65,2,26.1,OFF,ON
2026-09-03 23:00:00,Hostel Block,H102,6.03,4,32.8,OFF,ON
2026-09-03 23:00:00,Hostel Block,H103,7.47,0,32.7,OFF,OFF
2026-09-03 23:00:00,Laboratory Block,LAB1,15.27,1,31.9,OFF,ON
2026-09-03 23:00:00,Laboratory Block,LAB2,18.03,0,33.8,OFF,OFF
2026-09-03 23:00:00,Laboratory Block,LAB3,13.92,1,28.5,OFF,ON
2026-09-04 00:00:00,Academic Block,A101,12.31,2,26.7,OFF,ON
2026-09-04 00:00:00,Academic Block,A102,11.46,0,26.4,OFF,OFF
2026-09-04 00:00:00,Academic Block,A103,7.36,1,26.7,OFF,ON
2026-09-04 00:00:00,Engineering Block,E201,18.15,3,31.6,OFF,ON
2026-09-04 00:00:00,Engineering Block,E202,17.78,2,26.3,OFF,ON
2026-09-04 00:00:00,Engineering Block,E203,12.03,4,30.6,OFF,ON
2026-09-04 00:00:00,Library,L101,10.31,0,31.7,OFF,OFF
2026-09-04 00:00:00,Library,L102,5.99,2,28.0,OFF,ON
2026-09-04 00:00:00,Hostel Block,H101,6.64,1,30.4,OFF,ON
2026-09-04 00:00:00,Hostel Block,H102,9.26,0,33.7,OFF,OFF
2026-09-04 00:00:00,Hostel Block,H103,11.46,3,31.3,OFF,ON
2026-09-04 00:00:00,Laboratory Block,LAB1,11.93,0,29.2,OFF,OFF
2026-09-04 00:00:00,Laboratory Block,LAB2,37.62,2,28.1,OFF,ON
2026-09-04 00:00:00,Laboratory Block,LAB3,10.86,2,30.5,OFF,ON
2026-09-04 01:00:00,Academic Block,A101,11.05,4,26.9,OFF,ON
2026-09-04 01:00:00,Academic Block,A102,5.06,0,29.4,OFF,OFF
2026-09-04 01:00:00,Academic Block,A103,6.11,0,30.1,OFF,OFF
2026-09-04 01:00:00,Engineering Block,E201,14.07,4,33.0,OFF,ON
2026-09-04 01:00:00,Engineering Block,E202,15.44,1,27.7,OFF,ON
2026-09-04 01:00:00,Engineering Block,E203,9.15,0,25.0,OFF,OFF
2026-09-04 01:00:00,Library,L101,5.85,2,27.8,OFF,ON
2026-09-04 01:00:00,Library,L102,6.17,2,29.4,OFF,ON
2026-09-04 01:00:00,Hostel Block,H101,9.45,0,29.4,OFF,OFF
2026-09-04 01:00:00,Hostel Block,H102,7.99,0,28.9,OFF,OFF
2026-09-04 01:00:00,Hostel Block,H103,13.48,0,28.3,OFF,OFF
2026-09-04 01:00:00,Laboratory Block,LAB1,18.5,3,32.6,OFF,ON
2026-09-04 01:00:00,Laboratory Block,LAB2,10.78,1,28.5,OFF,ON
2026-09-04 01:00:00,Laboratory Block,LAB3,12.31,3,31.7,OFF,ON
2026-09-04 02:00:00,Academic Block,A101,12.49,0,29.3,OFF,OFF
2026-09-04 02:00:00,Academic Block,A102,9.56,4,30.5,OFF,ON
2026-09-04 02:00:00,Academic Block,A103,10.4,1,31.4,OFF,ON
2026-09-04 02:00:00,Engineering Block,E201,26.9,2,28.9,OFF,ON
2026-09-04 02:00:00,Engineering Block,E202,16.39,0,30.0,OFF,OFF
2026-09-04 02:00:00,Engineering Block,E203,13.22,2,31.3,OFF,ON
2026-09-04 02:00:00,Library,L101,8.72,2,30.8,OFF,ON
2026-09-04 02:00:00,Library,L102,8.43,1,32.3,OFF,ON
2026-09-04 02:00:00,Hostel Block,H101,8.7,2,32.8,OFF,ON
2026-09-04 02:00:00,Hostel Block,H102,12.1,2,27.5,OFF,ON
2026-09-04 02:00:00,Hostel Block,H103,10.95,4,30.7,OFF,ON
2026-09-04 02:00:00,Laboratory Block,LAB1,18.08,4,32.5,OFF,ON
2026-09-04 02:00:00,Laboratory Block,LAB2,14.95,4,33.6,OFF,ON
2026-09-04 02:00:00,Laboratory Block,LAB3,11.38,3,29.8,OFF,ON
2026-09-04 03:00:00,Academic Block,A101,8.33,2,29.8,OFF,ON
2026-09-04 03:00:00,Academic Block,A102,12.67,4,31.4,OFF,ON
2026-09-04 03:00:00,Academic Block,A103,14.53,2,31.9,OFF,ON
2026-09-04 03:00:00,Engineering Block,E201,13.17,2,25.2,OFF,ON
2026-09-04 03:00:00,Engineering Block,E202,11.49,1,29.7,OFF,ON
2026-09-04 03:00:00,Engineering Block,E203,9.3,3,28.9,OFF,ON
2026-09-04 03:00:00,Library,L101,13.65,4,26.2,OFF,ON
2026-09-04 03:00:00,Library,L102,8.28,0,31.6,OFF,OFF
2026-09-04 03:00:00,Hostel Block,H101,13.97,3,25.4,OFF,ON
2026-09-04 03:00:00,Hostel Block,H102,6.15,2,33.8,OFF,ON
2026-09-04 03:00:00,Hostel Block,H103,9.29,0,25.7,OFF,OFF
2026-09-04 03:00:00,Laboratory Block,LAB1,12.1,1,29.5,OFF,ON
2026-09-04 03:00:00,Laboratory Block,LAB2,14.81,1,32.1,OFF,ON
2026-09-04 03:00:00,Laboratory Block,LAB3,17.79,4,29.9,OFF,ON
2026-09-04 04:00:00,Academic Block,A101,8.93,0,30.6,OFF,OFF
2026-09-04 04:00:00,Academic Block,A102,8.47,1,27.8,OFF,ON
2026-09-04 04:00:00,Academic Block,A103,9.19,1,33.9,OFF,ON
2026-09-04 04:00:00,Engineering Block,E201,14.01,0,31.3,OFF,OFF
2026-09-04 04:00:00,Engineering Block,E202,11.5,4,26.8,OFF,ON
2026-09-04 04:00:00,Engineering Block,E203,17.7,3,25.5,OFF,ON
2026-09-04 04:00:00,Library,L101,7.25,4,25.6,OFF,ON
2026-09-04 04:00:00,Library,L102,6.32,2,31.8,OFF,ON
2026-09-04 04:00:00,Hostel Block,H101,8.92,1,30.4,OFF,ON
2026-09-04 04:00:00,Hostel Block,H102,13.66,1,28.1,OFF,ON
2026-09-04 04:00:00,Hostel Block,H103,9.06,0,32.9,OFF,OFF
2026-09-04 04:00:00,Laboratory Block,LAB1,13.32,4,27.8,OFF,ON
2026-09-04 04:00:00,Laboratory Block,LAB2,17.21,3,27.7,OFF,ON
2026-09-04 04:00:00,Laboratory Block,LAB3,12.09,0,31.3,OFF,OFF
2026-09-04 05:00:00,Academic Block,A101,10.29,4,26.3,OFF,ON
2026-09-04 05:00:00,Academic Block,A102,7.34,2,31.9,OFF,ON
2026-09-04 05:00:00,Academic Block,A103,8.78,4,25.1,OFF,ON
2026-09-04 05:00:00,Engineering Block,E201,8.87,0,29.8,OFF,OFF
2026-09-04 05:00:00,Engineering Block,E202,9.64,2,33.4,OFF,ON
2026-09-04 05:00:00,Engineering Block,E203,11.78,1,33.4,OFF,ON
2026-09-04 05:00:00,Library,L101,12.65,0,33.4,OFF,OFF
2026-09-04 05:00:00,Library,L102,9.59,4,27.2,OFF,ON
2026-09-04 05:00:00,Hostel Block,H101,5.62,1,28.0,OFF,ON
2026-09-04 05:00:00,Hostel Block,H102,9.95,4,32.8,OFF,ON
2026-09-04 05:00:00,Hostel Block,H103,8.26,0,31.8,OFF,OFF
2026-09-04 05:00:00,Laboratory Block,LAB1,13.03,4,27.6,OFF,ON
2026-09-04 05:00:00,Laboratory Block,LAB2,14.89,1,26.5,OFF,ON
2026-09-04 05:00:00,Laboratory Block,LAB3,38.93,1,30.2,OFF,ON
2026-09-04 06:00:00,Academic Block,A101,34.42,2,28.7,OFF,ON
2026-09-04 06:00:00,Academic Block,A102,10.44,2,32.7,OFF,ON
2026-09-04 06:00:00,Academic Block,A103,12.98,0,32.8,OFF,OFF
2026-09-04 06:00:00,Engineering Block,E201,13.2,3,31.8,OFF,ON
2026-09-04 06:00:00,Engineering Block,E202,12.96,1,25.6,OFF,ON
2026-09-04 06:00:00,Engineering Block,E203,10.49,3,32.4,OFF,ON
2026-09-04 06:00:00,Library,L101,8.56,3,28.6,OFF,ON
2026-09-04 06:00:00,Library,L102,8.35,2,26.7,OFF,ON
2026-09-04 06:00:00,Hostel Block,H101,15.18,3,26.8,OFF,ON
2026-09-04 06:00:00,Hostel Block,H102,14.7,2,28.1,OFF,ON
2026-09-04 06:00:00,Hostel Block,H103,6.12,4,29.1,OFF,ON
2026-09-04 06:00:00,Laboratory Block,LAB1,15.52,2,26.1,OFF,ON
2026-09-04 06:00:00,Laboratory Block,LAB2,11.39,4,25.4,OFF,ON
2026-09-04 06:00:00,Laboratory Block,LAB3,16.51,3,28.9,OFF,ON
2026-09-04 07:00:00,Academic Block,A101,6.12,0,30.5,OFF,OFF
2026-09-04 07:00:00,Academic Block,A102,10.22,3,28.5,OFF,ON
2026-09-04 07:00:00,Academic Block,A103,10.02,1,33.5,OFF,ON
2026-09-04 07:00:00,Engineering Block,E201,12.98,3,27.5,OFF,ON
2026-09-04 07:00:00,Engineering Block,E202,11.39,1,33.6,OFF,ON
2026-09-04 07:00:00,Engineering Block,E203,9.15,4,30.2,OFF,ON
2026-09-04 07:00:00,Library,L101,10.7,4,27.3,OFF,ON
2026-09-04 07:00:00,Library,L102,10.32,4,31.4,OFF,ON
2026-09-04 07:00:00,Hostel Block,H101,14.1,0,25.1,OFF,OFF
2026-09-04 07:00:00,Hostel Block,H102,14.76,1,29.8,OFF,ON
2026-09-04 07:00:00,Hostel Block,H103,12.94,3,26.9,OFF,ON
2026-09-04 07:00:00,Laboratory Block,LAB1,18.83,0,25.9,OFF,OFF
2026-09-04 07:00:00,Laboratory Block,LAB2,18.9,3,25.5,OFF,ON
2026-09-04 07:00:00,Laboratory Block,LAB3,15.75,4,33.9,OFF,ON
2026-09-04 08:00:00,Academic Block,A101,40.6,0,25.1,OFF,ON
2026-09-04 08:00:00,Academic Block,A102,14.06,38,29.6,OFF,ON
2026-09-04 08:00:00,Academic Block,A103,12.48,34,27.0,OFF,ON
2026-09-04 08:00:00,Engineering Block,E201,21.38,46,29.6,OFF,ON
2026-09-04 08:00:00,Engineering Block,E202,21.22,41,30.9,OFF,ON
2026-09-04 08:00:00,Engineering Block,E203,17.13,22,31.5,OFF,ON
2026-09-04 08:00:00,Library,L101,15.42,52,30.2,OFF,ON
2026-09-04 08:00:00,Library,L102,17.85,49,29.6,OFF,ON
2026-09-04 08:00:00,Hostel Block,H101,19.74,39,26.4,OFF,ON
2026-09-04 08:00:00,Hostel Block,H102,12.4,34,26.0,OFF,ON
2026-09-04 08:00:00,Hostel Block,H103,11.31,21,29.4,OFF,ON
2026-09-04 08:00:00,Laboratory Block,LAB1,25.44,52,29.6,OFF,ON
2026-09-04 08:00:00,Laboratory Block,LAB2,28.53,58,27.2,OFF,ON
2026-09-04 08:00:00,Laboratory Block,LAB3,24.72,53,25.6,OFF,ON
2026-09-04 09:00:00,Academic Block,A101,20.62,48,25.3,ON,ON
2026-09-04 09:00:00,Academic Block,A102,16.93,17,31.1,ON,ON
2026-09-04 09:00:00,Academic Block,A103,14.93,43,30.6,ON,ON
2026-09-04 09:00:00,Engineering Block,E201,23.1,53,27.4,ON,ON
2026-09-04 09:00:00,Engineering Block,E202,13.62,23,28.3,ON,ON
2026-09-04 09:00:00,Engineering Block,E203,23.35,49,27.2,ON,ON
2026-09-04 09:00:00,Library,L101,14.43,45,28.9,ON,ON
2026-09-04 09:00:00,Library,L102,12.65,27,31.2,ON,ON
2026-09-04 09:00:00,Hostel Block,H101,23.18,55,32.0,ON,ON
2026-09-04 09:00:00,Hostel Block,H102,15.44,40,26.2,ON,ON
2026-09-04 09:00:00,Hostel Block,H103,16.17,26,31.2,ON,ON
2026-09-04 09:00:00,Laboratory Block,LAB1,24.95,59,33.2,ON,ON
2026-09-04 09:00:00,Laboratory Block,LAB2,20.19,30,25.0,ON,ON
2026-09-04 09:00:00,Laboratory Block,LAB3,14.89,21,29.9,ON,ON
2026-09-04 10:00:00,Academic Block,A101,14.08,45,29.4,ON,ON
2026-09-04 10:00:00,Academic Block,A102,18.42,46,25.5,ON,ON
2026-09-04 10:00:00,Academic Block,A103,22.23,53,32.8,ON,ON
2026-09-04 10:00:00,Engineering Block,E201,14.02,20,33.1,ON,ON
2026-09-04 10:00:00,Engineering Block,E202,19.45,43,31.9,ON,ON
2026-09-04 10:00:00,Engineering Block,E203,11.19,19,30.8,ON,ON
2026-09-04 10:00:00,Library,L101,14.72,45,27.4,ON,ON
2026-09-04 10:00:00,Library,L102,12.18,37,25.9,ON,ON
2026-09-04 10:00:00,Hostel Block,H101,18.27,44,27.4,ON,ON
2026-09-04 10:00:00,Hostel Block,H102,21.23,53,30.6,ON,ON
2026-09-04 10:00:00,Hostel Block,H103,13.35,41,29.0,ON,ON
2026-09-04 10:00:00,Laboratory Block,LAB1,22.28,19,30.5,ON,ON
2026-09-04 10:00:00,Laboratory Block,LAB2,22.47,45,33.4,ON,ON
2026-09-04 10:00:00,Laboratory Block,LAB3,27.93,53,27.4,ON,ON
2026-09-04 11:00:00,Academic Block,A101,22.03,47,25.7,ON,ON
2026-09-04 11:00:00,Academic Block,A102,22.56,52,25.6,ON,ON
2026-09-04 11:00:00,Academic Block,A103,12.39,15,29.9,ON,ON
2026-09-04 11:00:00,Engineering Block,E201,20.94,57,25.4,ON,ON
2026-09-04 11:00:00,Engineering Block,E202,22.63,58,32.4,ON,ON
2026-09-04 11:00:00,Engineering Block,E203,25.09,52,30.8,ON,ON
2026-09-04 11:00:00,Library,L101,17.14,20,33.8,ON,ON
2026-09-04 11:00:00,Library,L102,16.87,35,31.4,ON,ON
2026-09-04 11:00:00,Hostel Block,H101,15.91,29,25.4,ON,ON
2026-09-04 11:00:00,Hostel Block,H102,21.48,45,33.8,ON,ON
2026-09-04 11:00:00,Hostel Block,H103,19.36,41,27.2,ON,ON
2026-09-04 11:00:00,Laboratory Block,LAB1,17.27,25,29.0,ON,ON
2026-09-04 11:00:00,Laboratory Block,LAB2,22.41,22,32.4,ON,ON
2026-09-04 11:00:00,Laboratory Block,LAB3,23.07,45,29.7,ON,ON
2026-09-04 12:00:00,Academic Block,A101,14.42,24,26.7,ON,ON
2026-09-04 12:00:00,Academic Block,A102,19.88,36,28.6,ON,ON
2026-09-04 12:00:00,Academic Block,A103,14.83,52,34.0,ON,ON
2026-09-04 12:00:00,Engineering Block,E201,16.89,41,25.2,ON,ON
2026-09-04 12:00:00,Engineering Block,E202,21.46,42,31.2,ON,ON
2026-09-04 12:00:00,Engineering Block,E203,17.51,55,26.2,ON,ON
2026-09-04 12:00:00,Library,L101,8.02,15,29.6,ON,ON
2026-09-04 12:00:00,Library,L102,13.79,20,30.6,ON,ON
2026-09-04 12:00:00,Hostel Block,H101,18.64,37,31.1,ON,ON
2026-09-04 12:00:00,Hostel Block,H102,16.5,34,27.8,ON,ON
2026-09-04 12:00:00,Hostel Block,H103,13.7,44,32.1,ON,ON
2026-09-04 12:00:00,Laboratory Block,LAB1,19.18,58,29.4,ON,ON
2026-09-04 12:00:00,Laboratory Block,LAB2,20.71,38,33.2,ON,ON
2026-09-04 12:00:00,Laboratory Block,LAB3,15.92,29,31.2,ON,ON
2026-09-04 13:00:00,Academic Block,A101,12.18,18,28.6,ON,ON
2026-09-04 13:00:00,Academic Block,A102,22.01,53,25.5,ON,ON
2026-09-04 13:00:00,Academic Block,A103,11.56,26,33.1,ON,ON
2026-09-04 13:00:00,Engineering Block,E201,22.39,55,27.0,ON,ON
2026-09-04 13:00:00,Engineering Block,E202,21.67,46,27.7,ON,ON
2026-09-04 13:00:00,Engineering Block,E203,16.94,50,25.9,ON,ON
2026-09-04 13:00:00,Library,L101,14.92,36,31.6,ON,ON
2026-09-04 13:00:00,Library,L102,16.94,18,32.4,ON,ON
2026-09-04 13:00:00,Hostel Block,H101,23.28,0,27.0,ON,ON
2026-09-04 13:00:00,Hostel Block,H102,14.56,35,29.6,ON,ON
2026-09-04 13:00:00,Hostel Block,H103,14.48,51,25.1,ON,ON
2026-09-04 13:00:00,Laboratory Block,LAB1,19.27,53,33.0,ON,ON
2026-09-04 13:00:00,Laboratory Block,LAB2,25.82,51,29.0,ON,ON
2026-09-04 13:00:00,Laboratory Block,LAB3,17.0,26,31.9,ON,ON
2026-09-04 14:00:00,Academic Block,A101,19.18,31,27.2,ON,ON
2026-09-04 14:00:00,Academic Block,A102,12.48,32,33.2,ON,ON
2026-09-04 14:00:00,Academic Block,A103,12.51,29,32.1,ON,ON
2026-09-04 14:00:00,Engineering Block,E201,25.68,58,33.4,ON,ON
2026-09-04 14:00:00,Engineering Block,E202,17.47,56,25.2,ON,ON
2026-09-04 14:00:00,Engineering Block,E203,21.9,39,25.7,ON,ON
2026-09-04 14:00:00,Library,L101,13.49,51,31.9,ON,ON
2026-09-04 14:00:00,Library,L102,23.49,59,26.5,ON,ON
2026-09-04 14:00:00,Hostel Block,H101,16.72,26,26.8,ON,ON
2026-09-04 14:00:00,Hostel Block,H102,17.21,16,30.7,ON,ON
2026-09-04 14:00:00,Hostel Block,H103,15.08,58,25.5,ON,ON
2026-09-04 14:00:00,Laboratory Block,LAB1,19.9,58,30.2,ON,ON
2026-09-04 14:00:00,Laboratory Block,LAB2,17.31,19,31.4,ON,ON
2026-09-04 14:00:00,Laboratory Block,LAB3,23.38,39,29.5,ON,ON
2026-09-04 15:00:00,Academic Block,A101,17.51,17,29.3,ON,ON
2026-09-04 15:00:00,Academic Block,A102,17.45,57,33.0,ON,ON
2026-09-04 15:00:00,Academic Block,A103,15.05,25,28.8,ON,ON
2026-09-04 15:00:00,Engineering Block,E201,25.44,58,27.1,ON,ON
2026-09-04 15:00:00,Engineering Block,E202,19.66,44,26.5,ON,ON
2026-09-04 15:00:00,Engineering Block,E203,20.49,39,28.1,ON,ON
2026-09-04 15:00:00,Library,L101,11.35,41,30.3,ON,ON
2026-09-04 15:00:00,Library,L102,20.91,56,31.7,ON,ON
2026-09-04 15:00:00,Hostel Block,H101,14.38,47,32.3,ON,ON
2026-09-04 15:00:00,Hostel Block,H102,12.25,19,25.6,ON,ON
2026-09-04 15:00:00,Hostel Block,H103,18.02,29,31.0,ON,ON
2026-09-04 15:00:00,Laboratory Block,LAB1,25.72,44,31.3,ON,ON
2026-09-04 15:00:00,Laboratory Block,LAB2,39.5,1,32.8,ON,ON
2026-09-04 15:00:00,Laboratory Block,LAB3,19.49,22,25.7,ON,ON
2026-09-04 16:00:00,Academic Block,A101,12.55,28,33.6,ON,ON
2026-09-04 16:00:00,Academic Block,A102,19.39,36,29.1,ON,ON
2026-09-04 16:00:00,Academic Block,A103,14.72,35,32.0,ON,ON
2026-09-04 16:00:00,Engineering Block,E201,18.93,16,33.4,ON,ON
2026-09-04 16:00:00,Engineering Block,E202,11.39,17,33.9,ON,ON
2026-09-04 16:00:00,Engineering Block,E203,14.04,33,33.7,ON,ON
2026-09-04 16:00:00,Library,L101,35.03,0,29.3,ON,ON
2026-09-04 16:00:00,Library,L102,14.14,27,25.2,ON,ON
2026-09-04 16:00:00,Hostel Block,H101,17.73,36,31.2,ON,ON
2026-09-04 16:00:00,Hostel Block,H102,13.46,29,27.1,ON,ON
2026-09-04 16:00:00,Hostel Block,H103,15.32,46,28.0,ON,ON
2026-09-04 16:00:00,Laboratory Block,LAB1,19.57,54,26.4,ON,ON
2026-09-04 16:00:00,Laboratory Block,LAB2,13.47,15,30.7,ON,ON
2026-09-04 16:00:00,Laboratory Block,LAB3,23.36,35,28.6,ON,ON
2026-09-04 17:00:00,Academic Block,A101,18.54,58,33.1,ON,ON
2026-09-04 17:00:00,Academic Block,A102,15.81,17,32.1,ON,ON
2026-09-04 17:00:00,Academic Block,A103,13.08,44,33.5,ON,ON
2026-09-04 17:00:00,Engineering Block,E201,33.32,2,30.2,ON,ON
2026-09-04 17:00:00,Engineering Block,E202,17.41,16,25.1,ON,ON
2026-09-04 17:00:00,Engineering Block,E203,20.38,19,33.1,ON,ON
2026-09-04 17:00:00,Library,L101,16.94,34,29.5,ON,ON
2026-09-04 17:00:00,Library,L102,14.03,17,26.6,ON,ON
2026-09-04 17:00:00,Hostel Block,H101,11.69,39,30.8,ON,ON
2026-09-04 17:00:00,Hostel Block,H102,15.48,53,32.2,ON,ON
2026-09-04 17:00:00,Hostel Block,H103,13.82,45,31.6,ON,ON
2026-09-04 17:00:00,Laboratory Block,LAB1,20.56,34,25.8,ON,ON
2026-09-04 17:00:00,Laboratory Block,LAB2,27.58,53,33.3,ON,ON
2026-09-04 17:00:00,Laboratory Block,LAB3,19.99,58,31.5,ON,ON
2026-09-04 18:00:00,Academic Block,A101,15.27,22,25.9,OFF,ON
2026-09-04 18:00:00,Academic Block,A102,15.84,14,26.1,OFF,ON
2026-09-04 18:00:00,Academic Block,A103,13.33,27,26.4,OFF,ON
2026-09-04 18:00:00,Engineering Block,E201,16.51,18,25.7,OFF,ON
2026-09-04 18:00:00,Engineering Block,E202,19.75,15,29.8,OFF,ON
2026-09-04 18:00:00,Engineering Block,E203,13.06,11,32.2,OFF,ON
2026-09-04 18:00:00,Library,L101,10.84,12,28.0,OFF,ON
2026-09-04 18:00:00,Library,L102,14.44,10,29.4,OFF,ON
2026-09-04 18:00:00,Hostel Block,H101,14.83,14,26.0,OFF,ON
2026-09-04 18:00:00,Hostel Block,H102,8.5,21,27.9,OFF,ON
2026-09-04 18:00:00,Hostel Block,H103,10.38,16,31.1,OFF,ON
2026-09-04 18:00:00,Laboratory Block,LAB1,16.93,13,27.5,OFF,ON
2026-09-04 18:00:00,Laboratory Block,LAB2,13.96,25,28.8,OFF,ON
2026-09-04 18:00:00,Laboratory Block,LAB3,20.2,5,33.3,OFF,ON
2026-09-04 19:00:00,Academic Block,A101,11.33,29,32.9,OFF,ON
2026-09-04 19:00:00,Academic Block,A102,11.09,28,27.5,OFF,ON
2026-09-04 19:00:00,Academic Block,A103,7.02,8,26.8,OFF,ON
2026-09-04 19:00:00,Engineering Block,E201,15.57,29,25.3,OFF,ON
2026-09-04 19:00:00,Engineering Block,E202,16.54,13,33.9,OFF,ON
2026-09-04 19:00:00,Engineering Block,E203,13.47,23,26.0,OFF,ON
2026-09-04 19:00:00,Library,L101,16.02,21,29.6,OFF,ON
2026-09-04 19:00:00,Library,L102,11.01,15,31.8,OFF,ON
2026-09-04 19:00:00,Hostel Block,H101,12.11,6,30.7,OFF,ON
2026-09-04 19:00:00,Hostel Block,H102,13.11,23,28.3,OFF,ON
2026-09-04 19:00:00,Hostel Block,H103,13.92,9,25.9,OFF,ON
2026-09-04 19:00:00,Laboratory Block,LAB1,21.41,13,30.2,OFF,ON
2026-09-04 19:00:00,Laboratory Block,LAB2,17.75,18,31.1,OFF,ON
2026-09-04 19:00:00,Laboratory Block,LAB3,14.21,19,32.5,OFF,ON
2026-09-04 20:00:00,Academic Block,A101,15.6,22,33.0,OFF,ON
2026-09-04 20:00:00,Academic Block,A102,19.22,29,25.5,OFF,ON
2026-09-04 20:00:00,Academic Block,A103,11.24,23,28.3,OFF,ON
2026-09-04 20:00:00,Engineering Block,E201,16.32,18,26.5,OFF,ON
2026-09-04 20:00:00,Engineering Block,E202,17.13,27,29.5,OFF,ON
2026-09-04 20:00:00,Engineering Block,E203,11.31,21,28.2,OFF,ON
2026-09-04 20:00:00,Library,L101,16.17,28,30.8,OFF,ON
2026-09-04 20:00:00,Library,L102,13.64,15,26.3,OFF,ON
2026-09-04 20:00:00,Hostel Block,H101,7.98,15,31.3,OFF,ON
2026-09-04 20:00:00,Hostel Block,H102,11.53,26,31.9,OFF,ON
2026-09-04 20:00:00,Hostel Block,H103,11.72,18,25.5,OFF,ON
2026-09-04 20:00:00,Laboratory Block,LAB1,14.24,12,33.4,OFF,ON
2026-09-04 20:00:00,Laboratory Block,LAB2,15.47,12,28.4,OFF,ON
2026-09-04 20:00:00,Laboratory Block,LAB3,13.7,12,28.3,OFF,ON
2026-09-04 21:00:00,Academic Block,A101,17.86,22,25.6,OFF,ON
2026-09-04 21:00:00,Academic Block,A102,15.61,10,30.0,OFF,ON
2026-09-04 21:00:00,Academic Block,A103,10.19,24,28.2,OFF,ON
2026-09-04 21:00:00,Engineering Block,E201,21.25,27,25.9,OFF,ON
2026-09-04 21:00:00,Engineering Block,E202,26.44,1,26.5,OFF,ON
2026-09-04 21:00:00,Engineering Block,E203,20.37,23,27.6,OFF,ON
2026-09-04 21:00:00,Library,L101,11.7,8,30.6,OFF,ON
2026-09-04 21:00:00,Library,L102,14.58,5,29.3,OFF,ON
2026-09-04 21:00:00,Hostel Block,H101,16.73,22,29.5,OFF,ON
2026-09-04 21:00:00,Hostel Block,H102,15.8,12,33.5,OFF,ON
2026-09-04 21:00:00,Hostel Block,H103,14.11,5,33.7,OFF,ON
2026-09-04 21:00:00,Laboratory Block,LAB1,19.19,5,26.8,OFF,ON
2026-09-04 21:00:00,Laboratory Block,LAB2,17.89,5,26.9,OFF,ON
2026-09-04 21:00:00,Laboratory Block,LAB3,21.47,12,29.1,OFF,ON
2026-09-04 22:00:00,Academic Block,A101,15.53,4,31.3,OFF,ON
2026-09-04 22:00:00,Academic Block,A102,8.27,1,32.0,OFF,ON
2026-09-04 22:00:00,Academic Block,A103,24.53,1,30.1,OFF,OFF
2026-09-04 22:00:00,Engineering Block,E201,16.94,3,33.0,OFF,ON
2026-09-04 22:00:00,Engineering Block,E202,11.38,4,33.4,OFF,ON
2026-09-04 22:00:00,Engineering Block,E203,9.44,4,31.2,OFF,ON
2026-09-04 22:00:00,Library,L101,9.04,3,25.7,OFF,ON
2026-09-04 22:00:00,Library,L102,12.13,2,32.8,OFF,ON
2026-09-04 22:00:00,Hostel Block,H101,10.54,3,27.2,OFF,ON
2026-09-04 22:00:00,Hostel Block,H102,14.45,3,31.0,OFF,ON
2026-09-04 22:00:00,Hostel Block,H103,13.36,2,32.4,OFF,ON
2026-09-04 22:00:00,Laboratory Block,LAB1,31.22,2,34.0,OFF,OFF
2026-09-04 22:00:00,Laboratory Block,LAB2,14.62,1,29.0,OFF,ON
2026-09-04 22:00:00,Laboratory Block,LAB3,17.34,4,25.6,OFF,ON
2026-09-04 23:00:00,Academic Block,A101,11.89,4,27.3,OFF,ON
2026-09-04 23:00:00,Academic Block,A102,13.3,0,31.0,OFF,OFF
2026-09-04 23:00:00,Academic Block,A103,10.56,2,31.5,OFF,ON
2026-09-04 23:00:00,Engineering Block,E201,40.43,2,30.4,OFF,ON
2026-09-04 23:00:00,Engineering Block,E202,18.22,2,27.4,OFF,ON
2026-09-04 23:00:00,Engineering Block,E203,15.27,0,30.7,OFF,OFF
2026-09-04 23:00:00,Library,L101,8.6,2,29.0,OFF,ON
2026-09-04 23:00:00,Library,L102,13.26,2,30.2,OFF,ON
2026-09-04 23:00:00,Hostel Block,H101,8.59,4,31.7,OFF,ON
2026-09-04 23:00:00,Hostel Block,H102,6.26,0,27.8,OFF,OFF
2026-09-04 23:00:00,Hostel Block,H103,13.12,1,27.4,OFF,ON
2026-09-04 23:00:00,Laboratory Block,LAB1,12.77,1,28.9,OFF,ON
2026-09-04 23:00:00,Laboratory Block,LAB2,12.68,0,30.3,OFF,OFF
2026-09-04 23:00:00,Laboratory Block,LAB3,15.15,0,32.0,OFF,OFF
2026-09-05 00:00:00,Academic Block,A101,14.54,0,32.9,OFF,OFF
2026-09-05 00:00:00,Academic Block,A102,11.87,2,26.8,OFF,ON
2026-09-05 00:00:00,Academic Block,A103,5.64,0,30.0,OFF,OFF
2026-09-05 00:00:00,Engineering Block,E201,8.33,0,29.5,OFF,OFF
2026-09-05 00:00:00,Engineering Block,E202,12.66,4,25.4,OFF,ON
2026-09-05 00:00:00,Engineering Block,E203,17.28,3,33.5,OFF,ON
2026-09-05 00:00:00,Library,L101,10.98,4,25.6,OFF,ON
2026-09-05 00:00:00,Library,L102,9.64,1,32.2,OFF,ON
2026-09-05 00:00:00,Hostel Block,H101,10.62,3,26.1,OFF,ON
2026-09-05 00:00:00,Hostel Block,H102,11.6,2,28.2,OFF,ON
2026-09-05 00:00:00,Hostel Block,H103,10.07,1,32.5,OFF,ON
2026-09-05 00:00:00,Laboratory Block,LAB1,13.59,4,28.7,OFF,ON
2026-09-05 00:00:00,Laboratory Block,LAB2,19.51,4,28.7,OFF,ON
2026-09-05 00:00:00,Laboratory Block,LAB3,34.73,2,25.7,OFF,ON
2026-09-05 01:00:00,Academic Block,A101,11.05,3,27.5,OFF,ON
2026-09-05 01:00:00,Academic Block,A102,13.46,0,32.2,OFF,OFF
2026-09-05 01:00:00,Academic Block,A103,13.07,4,26.9,OFF,ON
2026-09-05 01:00:00,Engineering Block,E201,10.57,3,32.1,OFF,ON
2026-09-05 01:00:00,Engineering Block,E202,15.3,0,31.6,OFF,OFF
2026-09-05 01:00:00,Engineering Block,E203,38.03,2,33.1,OFF,ON
2026-09-05 01:00:00,Library,L101,11.99,2,33.0,OFF,ON
2026-09-05 01:00:00,Library,L102,14.86,1,30.0,OFF,ON
2026-09-05 01:00:00,Hostel Block,H101,5.86,0,30.0,OFF,OFF
2026-09-05 01:00:00,Hostel Block,H102,12.95,3,27.9,OFF,ON
2026-09-05 01:00:00,Hostel Block,H103,12.91,2,31.4,OFF,ON
2026-09-05 01:00:00,Laboratory Block,LAB1,13.43,4,32.9,OFF,ON
2026-09-05 01:00:00,Laboratory Block,LAB2,15.92,1,26.4,OFF,ON
2026-09-05 01:00:00,Laboratory Block,LAB3,17.16,4,28.1,OFF,ON
2026-09-05 02:00:00,Academic Block,A101,5.79,0,32.9,OFF,OFF
2026-09-05 02:00:00,Academic Block,A102,9.21,3,33.3,OFF,ON
2026-09-05 02:00:00,Academic Block,A103,12.55,1,25.8,OFF,ON
2026-09-05 02:00:00,Engineering Block,E201,15.49,2,27.6,OFF,ON
2026-09-05 02:00:00,Engineering Block,E202,12.14,2,32.7,OFF,ON
2026-09-05 02:00:00,Engineering Block,E203,10.97,3,33.3,OFF,ON
2026-09-05 02:00:00,Library,L101,14.44,0,26.9,OFF,OFF
2026-09-05 02:00:00,Library,L102,6.44,1,29.8,OFF,ON
2026-09-05 02:00:00,Hostel Block,H101,12.94,2,27.2,OFF,ON
2026-09-05 02:00:00,Hostel Block,H102,7.0,0,28.3,OFF,OFF
2026-09-05 02:00:00,Hostel Block,H103,12.12,4,32.0,OFF,ON
2026-09-05 02:00:00,Laboratory Block,LAB1,18.23,1,31.2,OFF,ON
2026-09-05 02:00:00,Laboratory Block,LAB2,18.48,2,29.9,OFF,ON
2026-09-05 02:00:00,Laboratory Block,LAB3,19.07,0,30.3,OFF,OFF
2026-09-05 03:00:00,Academic Block,A101,11.32,2,31.3,OFF,ON
2026-09-05 03:00:00,Academic Block,A102,14.59,4,33.1,OFF,ON
2026-09-05 03:00:00,Academic Block,A103,9.53,1,28.7,OFF,ON
2026-09-05 03:00:00,Engineering Block,E201,10.81,2,27.9,OFF,ON
2026-09-05 03:00:00,Engineering Block,E202,11.74,1,32.3,OFF,ON
2026-09-05 03:00:00,Engineering Block,E203,16.17,4,28.0,OFF,ON
2026-09-05 03:00:00,Library,L101,11.46,0,32.9,OFF,OFF
2026-09-05 03:00:00,Library,L102,11.67,4,29.7,OFF,ON
2026-09-05 03:00:00,Hostel Block,H101,7.33,0,32.8,OFF,OFF
2026-09-05 03:00:00,Hostel Block,H102,9.16,1,27.7,OFF,ON
2026-09-05 03:00:00,Hostel Block,H103,13.05,1,27.0,OFF,ON
2026-09-05 03:00:00,Laboratory Block,LAB1,17.56,1,31.0,OFF,ON
2026-09-05 03:00:00,Laboratory Block,LAB2,13.2,1,25.2,OFF,ON
2026-09-05 03:00:00,Laboratory Block,LAB3,18.66,1,32.2,OFF,ON
2026-09-05 04:00:00,Academic Block,A101,14.48,3,25.9,OFF,ON
2026-09-05 04:00:00,Academic Block,A102,6.75,3,25.1,OFF,ON
2026-09-05 04:00:00,Academic Block,A103,11.51,4,33.0,OFF,ON
2026-09-05 04:00:00,Engineering Block,E201,14.56,4,25.8,OFF,ON
2026-09-05 04:00:00,Engineering Block,E202,31.75,1,29.3,OFF,OFF
2026-09-05 04:00:00,Engineering Block,E203,15.09,3,31.4,OFF,ON
2026-09-05 04:00:00,Library,L101,6.58,1,31.9,OFF,ON
2026-09-05 04:00:00,Library,L102,12.97,4,32.9,OFF,ON
2026-09-05 04:00:00,Hostel Block,H101,9.38,2,27.6,OFF,ON
2026-09-05 04:00:00,Hostel Block,H102,9.95,3,32.5,OFF,ON
2026-09-05 04:00:00,Hostel Block,H103,6.08,3,30.4,OFF,ON
2026-09-05 04:00:00,Laboratory Block,LAB1,18.08,1,33.2,OFF,ON
2026-09-05 04:00:00,Laboratory Block,LAB2,13.02,1,29.6,OFF,ON
2026-09-05 04:00:00,Laboratory Block,LAB3,14.75,3,27.6,OFF,ON
2026-09-05 05:00:00,Academic Block,A101,11.03,1,26.2,OFF,ON
2026-09-05 05:00:00,Academic Block,A102,8.19,3,28.6,OFF,ON
2026-09-05 05:00:00,Academic Block,A103,10.51,0,32.4,OFF,OFF
2026-09-05 05:00:00,Engineering Block,E201,14.88,0,27.3,OFF,OFF
2026-09-05 05:00:00,Engineering Block,E202,9.58,4,29.7,OFF,ON
2026-09-05 05:00:00,Engineering Block,E203,11.8,1,29.8,OFF,ON
2026-09-05 05:00:00,Library,L101,9.26,0,28.0,OFF,OFF
2026-09-05 05:00:00,Library,L102,11.67,0,32.3,OFF,OFF
2026-09-05 05:00:00,Hostel Block,H101,14.78,3,32.7,OFF,ON
2026-09-05 05:00:00,Hostel Block,H102,14.47,1,31.9,OFF,ON
2026-09-05 05:00:00,Hostel Block,H103,10.33,1,26.1,OFF,ON
2026-09-05 05:00:00,Laboratory Block,LAB1,11.04,1,29.6,OFF,ON
2026-09-05 05:00:00,Laboratory Block,LAB2,14.05,1,26.0,OFF,ON
2026-09-05 05:00:00,Laboratory Block,LAB3,19.6,3,26.5,OFF,ON
2026-09-05 06:00:00,Academic Block,A101,8.31,0,32.5,OFF,OFF
2026-09-05 06:00:00,Academic Block,A102,7.72,3,33.4,OFF,ON
2026-09-05 06:00:00,Academic Block,A103,6.07,0,29.6,OFF,OFF
2026-09-05 06:00:00,Engineering Block,E201,14.64,2,25.6,OFF,ON
2026-09-05 06:00:00,Engineering Block,E202,10.49,1,26.8,OFF,ON
2026-09-05 06:00:00,Engineering Block,E203,13.93,1,33.6,OFF,ON
2026-09-05 06:00:00,Library,L101,8.96,4,28.0,OFF,ON
2026-09-05 06:00:00,Library,L102,7.81,1,31.9,OFF,ON
2026-09-05 06:00:00,Hostel Block,H101,13.84,2,25.0,OFF,ON
2026-09-05 06:00:00,Hostel Block,H102,6.49,0,29.6,OFF,OFF
2026-09-05 06:00:00,Hostel Block,H103,13.5,1,31.8,OFF,ON
2026-09-05 06:00:00,Laboratory Block,LAB1,18.17,1,29.8,OFF,ON
2026-09-05 06:00:00,Laboratory Block,LAB2,16.74,3,31.9,OFF,ON
2026-09-05 06:00:00,Laboratory Block,LAB3,18.47,3,32.7,OFF,ON
2026-09-05 07:00:00,Academic Block,A101,6.18,4,33.3,OFF,ON
2026-09-05 07:00:00,Academic Block,A102,9.24,3,33.2,OFF,ON
2026-09-05 07:00:00,Academic Block,A103,14.11,3,26.5,OFF,ON
2026-09-05 07:00:00,Engineering Block,E201,8.7,2,28.6,OFF,ON
2026-09-05 07:00:00,Engineering Block,E202,11.36,1,25.8,OFF,ON
2026-09-05 07:00:00,Engineering Block,E203,12.76,2,25.4,OFF,ON
2026-09-05 07:00:00,Library,L101,13.72,4,32.8,OFF,ON
2026-09-05 07:00:00,Library,L102,12.63,0,26.2,OFF,OFF
2026-09-05 07:00:00,Hostel Block,H101,7.58,1,33.2,OFF,ON
2026-09-05 07:00:00,Hostel Block,H102,9.05,3,29.9,OFF,ON
2026-09-05 07:00:00,Hostel Block,H103,10.39,2,27.9,OFF,ON
2026-09-05 07:00:00,Laboratory Block,LAB1,13.13,1,26.1,OFF,ON
2026-09-05 07:00:00,Laboratory Block,LAB2,11.21,3,30.2,OFF,ON
2026-09-05 07:00:00,Laboratory Block,LAB3,14.81,3,31.7,OFF,ON
2026-09-05 08:00:00,Academic Block,A101,11.89,33,29.8,OFF,ON
2026-09-05 08:00:00,Academic Block,A102,16.93,48,32.9,OFF,ON
2026-09-05 08:00:00,Academic Block,A103,23.32,59,27.2,OFF,ON
2026-09-05 08:00:00,Engineering Block,E201,21.16,28,28.6,OFF,ON
2026-09-05 08:00:00,Engineering Block,E202,22.17,53,25.3,OFF,ON
2026-09-05 08:00:00,Engineering Block,E203,18.05,21,28.5,OFF,ON
2026-09-05 08:00:00,Library,L101,15.66,26,27.2,OFF,ON
2026-09-05 08:00:00,Library,L102,12.92,40,29.5,OFF,ON
2026-09-05 08:00:00,Hostel Block,H101,12.03,42,33.0,OFF,ON
2026-09-05 08:00:00,Hostel Block,H102,19.4,32,32.1,OFF,ON
2026-09-05 08:00:00,Hostel Block,H103,35.14,0,30.6,OFF,ON
2026-09-05 08:00:00,Laboratory Block,LAB1,21.46,34,29.1,OFF,ON
2026-09-05 08:00:00,Laboratory Block,LAB2,21.09,44,29.8,OFF,ON
2026-09-05 08:00:00,Laboratory Block,LAB3,20.91,39,25.2,OFF,ON
2026-09-05 09:00:00,Academic Block,A101,19.65,49,25.2,ON,ON
2026-09-05 09:00:00,Academic Block,A102,16.59,22,27.7,ON,ON
2026-09-05 09:00:00,Academic Block,A103,12.8,44,32.2,ON,ON
2026-09-05 09:00:00,Engineering Block,E201,23.28,39,29.7,ON,ON
2026-09-05 09:00:00,Engineering Block,E202,18.2,38,28.0,ON,ON
2026-09-05 09:00:00,Engineering Block,E203,13.43,24,28.3,ON,ON
2026-09-05 09:00:00,Library,L101,21.46,56,25.5,ON,ON
2026-09-05 09:00:00,Library,L102,18.38,40,28.0,ON,ON
2026-09-05 09:00:00,Hostel Block,H101,13.88,16,25.2,ON,ON
2026-09-05 09:00:00,Hostel Block,H102,9.73,29,34.0,ON,ON
2026-09-05 09:00:00,Hostel Block,H103,8.52,15,28.2,ON,ON
2026-09-05 09:00:00,Laboratory Block,LAB1,21.34,32,27.5,ON,ON
2026-09-05 09:00:00,Laboratory Block,LAB2,23.79,28,30.5,ON,ON
2026-09-05 09:00:00,Laboratory Block,LAB3,20.7,55,32.9,ON,ON
2026-09-05 10:00:00,Academic Block,A101,11.63,17,26.7,ON,ON
2026-09-05 10:00:00,Academic Block,A102,10.97,18,25.1,ON,ON
2026-09-05 10:00:00,Academic Block,A103,15.07,59,29.8,ON,ON
2026-09-05 10:00:00,Engineering Block,E201,22.26,44,25.6,ON,ON
2026-09-05 10:00:00,Engineering Block,E202,15.63,32,29.1,ON,ON
2026-09-05 10:00:00,Engineering Block,E203,14.95,46,33.3,ON,ON
2026-09-05 10:00:00,Library,L101,9.71,23,33.5,ON,ON
2026-09-05 10:00:00,Library,L102,21.54,48,31.5,ON,ON
2026-09-05 10:00:00,Hostel Block,H101,14.62,59,27.8,ON,ON
2026-09-05 10:00:00,Hostel Block,H102,19.15,35,27.4,ON,ON
2026-09-05 10:00:00,Hostel Block,H103,16.66,29,27.6,ON,ON
2026-09-05 10:00:00,Laboratory Block,LAB1,21.09,32,31.3,ON,ON
2026-09-05 10:00:00,Laboratory Block,LAB2,20.56,20,27.5,ON,ON
2026-09-05 10:00:00,Laboratory Block,LAB3,23.03,33,28.2,ON,ON
2026-09-05 11:00:00,Academic Block,A101,11.91,32,29.5,ON,ON
2026-09-05 11:00:00,Academic Block,A102,16.3,43,29.3,ON,ON
2026-09-05 11:00:00,Academic Block,A103,15.87,39,30.4,ON,ON
2026-09-05 11:00:00,Engineering Block,E201,12.01,15,32.3,ON,ON
2026-09-05 11:00:00,Engineering Block,E202,21.67,29,33.5,ON,ON
2026-09-05 11:00:00,Engineering Block,E203,12.43,24,33.2,ON,ON
2026-09-05 11:00:00,Library,L101,15.82,45,28.4,ON,ON
2026-09-05 11:00:00,Library,L102,13.22,37,29.6,ON,ON
2026-09-05 11:00:00,Hostel Block,H101,9.82,25,25.9,ON,ON
2026-09-05 11:00:00,Hostel Block,H102,11.8,29,26.2,ON,ON
2026-09-05 11:00:00,Hostel Block,H103,19.28,38,29.9,ON,ON
2026-09-05 11:00:00,Laboratory Block,LAB1,18.64,57,29.0,ON,ON
2026-09-05 11:00:00,Laboratory Block,LAB2,20.43,45,26.3,ON,ON
2026-09-05 11:00:00,Laboratory Block,LAB3,20.19,39,32.4,ON,ON
2026-09-05 12:00:00,Academic Block,A101,13.55,38,25.4,ON,ON
2026-09-05 12:00:00,Academic Block,A102,12.69,40,27.9,ON,ON
2026-09-05 12:00:00,Academic Block,A103,16.68,36,28.6,ON,ON
2026-09-05 12:00:00,Engineering Block,E201,21.2,40,29.0,ON,ON
2026-09-05 12:00:00,Engineering Block,E202,11.0,20,32.3,ON,ON
2026-09-05 12:00:00,Engineering Block,E203,16.66,28,33.1,ON,ON
2026-09-05 12:00:00,Library,L101,8.45,21,25.6,ON,ON
2026-09-05 12:00:00,Library,L102,16.63,27,30.5,ON,ON
2026-09-05 12:00:00,Hostel Block,H101,17.53,42,26.9,ON,ON
2026-09-05 12:00:00,Hostel Block,H102,17.8,22,30.0,ON,ON
2026-09-05 12:00:00,Hostel Block,H103,9.06,20,29.4,ON,ON
2026-09-05 12:00:00,Laboratory Block,LAB1,19.82,33,28.3,ON,ON
2026-09-05 12:00:00,Laboratory Block,LAB2,21.24,50,31.0,ON,ON
2026-09-05 12:00:00,Laboratory Block,LAB3,21.53,57,32.1,ON,ON
2026-09-05 13:00:00,Academic Block,A101,17.06,29,27.4,ON,ON
2026-09-05 13:00:00,Academic Block,A102,16.05,30,29.0,ON,ON
2026-09-05 13:00:00,Academic Block,A103,15.73,31,28.6,ON,ON
2026-09-05 13:00:00,Engineering Block,E201,15.55,36,31.6,ON,ON
2026-09-05 13:00:00,Engineering Block,E202,20.44,46,26.7,ON,ON
2026-09-05 13:00:00,Engineering Block,E203,15.59,35,25.4,ON,ON
2026-09-05 13:00:00,Library,L101,13.18,45,29.6,ON,ON
2026-09-05 13:00:00,Library,L102,14.78,31,27.4,ON,ON
2026-09-05 13:00:00,Hostel Block,H101,33.85,0,30.0,ON,ON
2026-09-05 13:00:00,Hostel Block,H102,19.29,50,26.6,ON,ON
2026-09-05 13:00:00,Hostel Block,H103,15.84,42,29.9,ON,ON
2026-09-05 13:00:00,Laboratory Block,LAB1,19.34,52,32.7,ON,ON
2026-09-05 13:00:00,Laboratory Block,LAB2,17.59,16,27.7,ON,ON
2026-09-05 13:00:00,Laboratory Block,LAB3,15.44,31,29.7,ON,ON
2026-09-05 14:00:00,Academic Block,A101,15.29,23,29.5,ON,ON
2026-09-05 14:00:00,Academic Block,A102,14.27,16,27.9,ON,ON
2026-09-05 14:00:00,Academic Block,A103,15.54,47,31.5,ON,ON
2026-09-05 14:00:00,Engineering Block,E201,14.98,28,25.6,ON,ON
2026-09-05 14:00:00,Engineering Block,E202,17.9,20,27.7,ON,ON
2026-09-05 14:00:00,Engineering Block,E203,16.7,19,29.6,ON,ON
2026-09-05 14:00:00,Library,L101,10.55,31,28.9,ON,ON
2026-09-05 14:00:00,Library,L102,14.8,33,29.9,ON,ON
2026-09-05 14:00:00,Hostel Block,H101,14.86,58,30.5,ON,ON
2026-09-05 14:00:00,Hostel Block,H102,15.46,42,29.2,ON,ON
2026-09-05 14:00:00,Hostel Block,H103,8.1,17,33.0,ON,ON
2026-09-05 14:00:00,Laboratory Block,LAB1,24.93,45,32.6,ON,ON
2026-09-05 14:00:00,Laboratory Block,LAB2,18.65,39,26.1,ON,ON
2026-09-05 14:00:00,Laboratory Block,LAB3,21.74,28,33.6,ON,ON
2026-09-05 15:00:00,Academic Block,A101,15.81,55,30.9,ON,ON
2026-09-05 15:00:00,Academic Block,A102,17.84,55,31.1,ON,ON
2026-09-05 15:00:00,Academic Block,A103,11.6,17,27.0,ON,ON
2026-09-05 15:00:00,Engineering Block,E201,18.31,28,25.4,ON,ON
2026-09-05 15:00:00,Engineering Block,E202,24.17,52,30.9,ON,ON
2026-09-05 15:00:00,Engineering Block,E203,17.81,43,27.8,ON,ON
2026-09-05 15:00:00,Library,L101,17.02,47,31.0,ON,ON
2026-09-05 15:00:00,Library,L102,8.5,17,25.5,ON,ON
2026-09-05 15:00:00,Hostel Block,H101,17.89,59,31.1,ON,ON
2026-09-05 15:00:00,Hostel Block,H102,16.39,17,33.4,ON,ON
2026-09-05 15:00:00,Hostel Block,H103,16.24,37,32.8,ON,ON
2026-09-05 15:00:00,Laboratory Block,LAB1,21.52,19,33.6,ON,ON
2026-09-05 15:00:00,Laboratory Block,LAB2,14.1,19,26.2,ON,ON
2026-09-05 15:00:00,Laboratory Block,LAB3,15.24,18,33.0,ON,ON
2026-09-05 16:00:00,Academic Block,A101,19.45,30,25.2,ON,ON
2026-09-05 16:00:00,Academic Block,A102,14.6,45,27.2,ON,ON
2026-09-05 16:00:00,Academic Block,A103,16.06,40,30.0,ON,ON
2026-09-05 16:00:00,Engineering Block,E201,17.78,17,27.5,ON,ON
2026-09-05 16:00:00,Engineering Block,E202,14.44,35,27.0,ON,ON
2026-09-05 16:00:00,Engineering Block,E203,21.14,35,28.2,ON,ON
2026-09-05 16:00:00,Library,L101,19.6,39,31.9,ON,ON
2026-09-05 16:00:00,Library,L102,11.92,43,32.0,ON,ON
2026-09-05 16:00:00,Hostel Block,H101,8.6,17,30.2,ON,ON
2026-09-05 16:00:00,Hostel Block,H102,15.96,31,29.0,ON,ON
2026-09-05 16:00:00,Hostel Block,H103,16.14,36,32.4,ON,ON
2026-09-05 16:00:00,Laboratory Block,LAB1,20.36,21,29.5,ON,ON
2026-09-05 16:00:00,Laboratory Block,LAB2,19.65,46,31.6,ON,ON
2026-09-05 16:00:00,Laboratory Block,LAB3,21.27,28,27.7,ON,ON
2026-09-05 17:00:00,Academic Block,A101,18.44,42,33.2,ON,ON
2026-09-05 17:00:00,Academic Block,A102,17.45,35,31.1,ON,ON
2026-09-05 17:00:00,Academic Block,A103,18.02,59,31.6,ON,ON
2026-09-05 17:00:00,Engineering Block,E201,20.44,20,25.4,ON,ON
2026-09-05 17:00:00,Engineering Block,E202,20.15,15,26.9,ON,ON
2026-09-05 17:00:00,Engineering Block,E203,13.9,19,26.6,ON,ON
2026-09-05 17:00:00,Library,L101,18.21,32,32.6,ON,ON
2026-09-05 17:00:00,Library,L102,15.36,55,27.8,ON,ON
2026-09-05 17:00:00,Hostel Block,H101,17.53,52,25.4,ON,ON
2026-09-05 17:00:00,Hostel Block,H102,22.36,51,28.9,ON,ON
2026-09-05 17:00:00,Hostel Block,H103,20.55,55,28.1,ON,ON
2026-09-05 17:00:00,Laboratory Block,LAB1,17.85,23,33.1,ON,ON
2026-09-05 17:00:00,Laboratory Block,LAB2,19.92,31,33.0,ON,ON
2026-09-05 17:00:00,Laboratory Block,LAB3,45.83,0,30.6,ON,ON
2026-09-05 18:00:00,Academic Block,A101,11.33,13,27.4,OFF,ON
2026-09-05 18:00:00,Academic Block,A102,10.25,27,29.4,OFF,ON
2026-09-05 18:00:00,Academic Block,A103,9.77,22,25.7,OFF,ON
2026-09-05 18:00:00,Engineering Block,E201,13.05,21,26.0,OFF,ON
2026-09-05 18:00:00,Engineering Block,E202,16.91,11,32.6,OFF,ON
2026-09-05 18:00:00,Engineering Block,E203,12.27,10,30.8,OFF,ON
2026-09-05 18:00:00,Library,L101,15.5,19,26.6,OFF,ON
2026-09-05 18:00:00,Library,L102,13.48,22,30.2,OFF,ON
2026-09-05 18:00:00,Hostel Block,H101,10.22,17,33.4,OFF,ON
2026-09-05 18:00:00,Hostel Block,H102,12.67,19,25.8,OFF,ON
2026-09-05 18:00:00,Hostel Block,H103,14.36,21,31.5,OFF,ON
2026-09-05 18:00:00,Laboratory Block,LAB1,22.27,23,30.2,OFF,ON
2026-09-05 18:00:00,Laboratory Block,LAB2,19.45,17,28.1,OFF,ON
2026-09-05 18:00:00,Laboratory Block,LAB3,11.69,9,30.0,OFF,ON
2026-09-05 19:00:00,Academic Block,A101,13.99,23,31.9,OFF,ON
2026-09-05 19:00:00,Academic Block,A102,12.02,25,28.9,OFF,ON
2026-09-05 19:00:00,Academic Block,A103,7.8,9,31.3,OFF,ON
2026-09-05 19:00:00,Engineering Block,E201,16.99,23,33.4,OFF,ON
2026-09-05 19:00:00,Engineering Block,E202,10.3,6,25.9,OFF,ON
2026-09-05 19:00:00,Engineering Block,E203,18.31,15,26.6,OFF,ON
2026-09-05 19:00:00,Library,L101,6.78,6,30.7,OFF,ON
2026-09-05 19:00:00,Library,L102,7.59,12,30.4,OFF,ON
2026-09-05 19:00:00,Hostel Block,H101,19.1,28,28.4,OFF,ON
2026-09-05 19:00:00,Hostel Block,H102,15.11,6,26.2,OFF,ON
2026-09-05 19:00:00,Hostel Block,H103,8.97,10,31.7,OFF,ON
2026-09-05 19:00:00,Laboratory Block,LAB1,17.09,10,25.1,OFF,ON
2026-09-05 19:00:00,Laboratory Block,LAB2,19.38,15,30.9,OFF,ON
2026-09-05 19:00:00,Laboratory Block,LAB3,22.45,27,30.8,OFF,ON
2026-09-05 20:00:00,Academic Block,A101,30.85,2,27.9,OFF,ON
2026-09-05 20:00:00,Academic Block,A102,16.67,18,29.7,OFF,ON
2026-09-05 20:00:00,Academic Block,A103,15.73,29,27.6,OFF,ON
2026-09-05 20:00:00,Engineering Block,E201,19.94,18,25.2,OFF,ON
2026-09-05 20:00:00,Engineering Block,E202,35.88,1,30.9,OFF,ON
2026-09-05 20:00:00,Engineering Block,E203,14.69,29,27.4,OFF,ON
2026-09-05 20:00:00,Library,L101,13.66,13,27.9,OFF,ON
2026-09-05 20:00:00,Library,L102,10.87,22,25.2,OFF,ON
2026-09-05 20:00:00,Hostel Block,H101,12.62,22,27.1,OFF,ON
2026-09-05 20:00:00,Hostel Block,H102,12.28,5,25.6,OFF,ON
2026-09-05 20:00:00,Hostel Block,H103,10.02,6,31.5,OFF,ON
2026-09-05 20:00:00,Laboratory Block,LAB1,12.89,7,28.9,OFF,ON
2026-09-05 20:00:00,Laboratory Block,LAB2,17.73,24,26.9,OFF,ON
2026-09-05 20:00:00,Laboratory Block,LAB3,12.82,5,33.2,OFF,ON
2026-09-05 21:00:00,Academic Block,A101,12.63,13,29.0,OFF,ON
2026-09-05 21:00:00,Academic Block,A102,16.27,19,27.1,OFF,ON
2026-09-05 21:00:00,Academic Block,A103,7.69,17,27.7,OFF,ON
2026-09-05 21:00:00,Engineering Block,E201,14.92,12,26.2,OFF,ON
2026-09-05 21:00:00,Engineering Block,E202,11.16,12,26.8,OFF,ON
2026-09-05 21:00:00,Engineering Block,E203,18.47,28,27.8,OFF,ON
2026-09-05 21:00:00,Library,L101,18.14,22,27.7,OFF,ON
2026-09-05 21:00:00,Library,L102,16.05,11,33.0,OFF,ON
2026-09-05 21:00:00,Hostel Block,H101,12.66,22,27.0,OFF,ON
2026-09-05 21:00:00,Hostel Block,H102,8.19,15,29.6,OFF,ON
2026-09-05 21:00:00,Hostel Block,H103,8.15,7,28.5,OFF,ON
2026-09-05 21:00:00,Laboratory Block,LAB1,21.26,20,27.5,OFF,ON
2026-09-05 21:00:00,Laboratory Block,LAB2,19.54,7,31.4,OFF,ON
2026-09-05 21:00:00,Laboratory Block,LAB3,17.68,24,27.9,OFF,ON
2026-09-05 22:00:00,Academic Block,A101,5.9,3,27.8,OFF,ON
2026-09-05 22:00:00,Academic Block,A102,10.37,3,32.9,OFF,ON
2026-09-05 22:00:00,Academic Block,A103,11.8,0,30.5,OFF,OFF
2026-09-05 22:00:00,Engineering Block,E201,9.74,4,28.7,OFF,ON
2026-09-05 22:00:00,Engineering Block,E202,11.61,3,27.8,OFF,ON
2026-09-05 22:00:00,Engineering Block,E203,16.33,4,26.5,OFF,ON
2026-09-05 22:00:00,Library,L101,15.37,4,25.3,OFF,ON
2026-09-05 22:00:00,Library,L102,11.45,4,28.2,OFF,ON
2026-09-05 22:00:00,Hostel Block,H101,11.63,1,26.9,OFF,ON
2026-09-05 22:00:00,Hostel Block,H102,11.85,4,31.6,OFF,ON
2026-09-05 22:00:00,Hostel Block,H103,7.16,3,25.7,OFF,ON
2026-09-05 22:00:00,Laboratory Block,LAB1,18.95,1,34.0,OFF,ON
2026-09-05 22:00:00,Laboratory Block,LAB2,13.6,3,26.2,OFF,ON
2026-09-05 22:00:00,Laboratory Block,LAB3,10.86,4,31.2,OFF,ON
2026-09-05 23:00:00,Academic Block,A101,15.43,4,30.7,OFF,ON
2026-09-05 23:00:00,Academic Block,A102,35.09,0,28.2,OFF,ON
2026-09-05 23:00:00,Academic Block,A103,7.71,4,31.2,OFF,ON
2026-09-05 23:00:00,Engineering Block,E201,11.38,1,32.6,OFF,ON
2026-09-05 23:00:00,Engineering Block,E202,14.87,0,33.2,OFF,OFF
2026-09-05 23:00:00,Engineering Block,E203,10.88,1,26.9,OFF,ON
2026-09-05 23:00:00,Library,L101,12.8,3,27.7,OFF,ON
2026-09-05 23:00:00,Library,L102,9.05,0,25.6,OFF,OFF
2026-09-05 23:00:00,Hostel Block,H101,5.86,2,31.1,OFF,ON
2026-09-05 23:00:00,Hostel Block,H102,12.22,3,32.0,OFF,ON
2026-09-05 23:00:00,Hostel Block,H103,12.38,1,26.9,OFF,ON
2026-09-05 23:00:00,Laboratory Block,LAB1,14.26,1,27.1,OFF,ON
2026-09-05 23:00:00,Laboratory Block,LAB2,18.37,4,32.4,OFF,ON
2026-09-05 23:00:00,Laboratory Block,LAB3,12.76,2,26.0,OFF,ON
2026-09-06 00:00:00,Academic Block,A101,7.84,1,32.3,OFF,ON
2026-09-06 00:00:00,Academic Block,A102,7.68,0,25.4,OFF,OFF
2026-09-06 00:00:00,Academic Block,A103,12.68,4,25.3,OFF,ON
2026-09-06 00:00:00,Engineering Block,E201,9.13,0,31.4,OFF,OFF
2026-09-06 00:00:00,Engineering Block,E202,12.43,3,28.0,OFF,ON
2026-09-06 00:00:00,Engineering Block,E203,17.05,3,26.1,OFF,ON
2026-09-06 00:00:00,Library,L101,15.26,4,25.1,OFF,ON
2026-09-06 00:00:00,Library,L102,7.09,0,27.2,OFF,OFF
2026-09-06 00:00:00,Hostel Block,H101,12.01,1,32.5,OFF,ON
2026-09-06 00:00:00,Hostel Block,H102,8.85,1,29.4,OFF,ON
2026-09-06 00:00:00,Hostel Block,H103,12.39,0,33.0,OFF,OFF
2026-09-06 00:00:00,Laboratory Block,LAB1,12.45,1,27.2,OFF,ON
2026-09-06 00:00:00,Laboratory Block,LAB2,20.36,4,29.8,OFF,ON
2026-09-06 00:00:00,Laboratory Block,LAB3,18.08,4,26.0,OFF,ON
2026-09-06 01:00:00,Academic Block,A101,9.34,3,25.4,OFF,ON
2026-09-06 01:00:00,Academic Block,A102,9.58,2,26.8,OFF,ON
2026-09-06 01:00:00,Academic Block,A103,8.2,1,33.8,OFF,ON
2026-09-06 01:00:00,Engineering Block,E201,15.7,2,27.8,OFF,ON
2026-09-06 01:00:00,Engineering Block,E202,28.05,2,31.1,OFF,ON
2026-09-06 01:00:00,Engineering Block,E203,11.22,4,32.5,OFF,ON
2026-09-06 01:00:00,Library,L101,11.54,3,33.7,OFF,ON
2026-09-06 01:00:00,Library,L102,8.71,4,30.5,OFF,ON
2026-09-06 01:00:00,Hostel Block,H101,9.3,1,28.6,OFF,ON
2026-09-06 01:00:00,Hostel Block,H102,5.82,4,27.7,OFF,ON
2026-09-06 01:00:00,Hostel Block,H103,7.42,0,31.0,OFF,OFF
2026-09-06 01:00:00,Laboratory Block,LAB1,12.11,2,31.4,OFF,ON
2026-09-06 01:00:00,Laboratory Block,LAB2,19.93,2,26.1,OFF,ON
2026-09-06 01:00:00,Laboratory Block,LAB3,11.38,2,33.9,OFF,ON
2026-09-06 02:00:00,Academic Block,A101,10.01,1,27.7,OFF,ON
2026-09-06 02:00:00,Academic Block,A102,22.33,0,25.4,OFF,OFF
2026-09-06 02:00:00,Academic Block,A103,15.56,4,27.6,OFF,ON
2026-09-06 02:00:00,Engineering Block,E201,11.95,4,28.0,OFF,ON
2026-09-06 02:00:00,Engineering Block,E202,11.5,1,26.9,OFF,ON
2026-09-06 02:00:00,Engineering Block,E203,11.5,4,30.2,OFF,ON
2026-09-06 02:00:00,Library,L101,14.61,2,26.0,OFF,ON
2026-09-06 02:00:00,Library,L102,6.27,0,25.5,OFF,OFF
2026-09-06 02:00:00,Hostel Block,H101,15.26,3,33.3,OFF,ON
2026-09-06 02:00:00,Hostel Block,H102,6.51,3,31.2,OFF,ON
2026-09-06 02:00:00,Hostel Block,H103,14.31,4,26.7,OFF,ON
2026-09-06 02:00:00,Laboratory Block,LAB1,11.68,0,30.2,OFF,OFF
2026-09-06 02:00:00,Laboratory Block,LAB2,15.55,2,26.8,OFF,ON
2026-09-06 02:00:00,Laboratory Block,LAB3,11.71,4,29.0,OFF,ON
2026-09-06 03:00:00,Academic Block,A101,5.94,3,25.0,OFF,ON
2026-09-06 03:00:00,Academic Block,A102,9.27,1,28.0,OFF,ON
2026-09-06 03:00:00,Academic Block,A103,6.01,4,28.5,OFF,ON
2026-09-06 03:00:00,Engineering Block,E201,10.19,1,27.2,OFF,ON
2026-09-06 03:00:00,Engineering Block,E202,17.81,0,30.5,OFF,OFF
2026-09-06 03:00:00,Engineering Block,E203,34.96,2,25.2,OFF,ON
2026-09-06 03:00:00,Library,L101,11.71,4,31.3,OFF,ON
2026-09-06 03:00:00,Library,L102,11.49,4,29.7,OFF,ON
2026-09-06 03:00:00,Hostel Block,H101,8.98,0,25.2,OFF,OFF
2026-09-06 03:00:00,Hostel Block,H102,8.59,2,30.3,OFF,ON
2026-09-06 03:00:00,Hostel Block,H103,11.87,1,33.1,OFF,ON
2026-09-06 03:00:00,Laboratory Block,LAB1,11.16,3,26.7,OFF,ON
2026-09-06 03:00:00,Laboratory Block,LAB2,33.75,1,31.3,OFF,ON
2026-09-06 03:00:00,Laboratory Block,LAB3,11.0,4,26.8,OFF,ON
2026-09-06 04:00:00,Academic Block,A101,34.57,1,29.3,OFF,ON
2026-09-06 04:00:00,Academic Block,A102,8.44,3,32.8,OFF,ON
2026-09-06 04:00:00,Academic Block,A103,6.35,2,26.7,OFF,ON
2026-09-06 04:00:00,Engineering Block,E201,9.25,4,32.4,OFF,ON
2026-09-06 04:00:00,Engineering Block,E202,17.49,3,26.0,OFF,ON
2026-09-06 04:00:00,Engineering Block,E203,12.92,4,32.1,OFF,ON
2026-09-06 04:00:00,Library,L101,8.65,2,30.5,OFF,ON
2026-09-06 04:00:00,Library,L102,7.4,4,29.2,OFF,ON
2026-09-06 04:00:00,Hostel Block,H101,14.17,3,25.9,OFF,ON
2026-09-06 04:00:00,Hostel Block,H102,13.97,3,29.9,OFF,ON
2026-09-06 04:00:00,Hostel Block,H103,14.22,2,29.2,OFF,ON
2026-09-06 04:00:00,Laboratory Block,LAB1,13.62,0,25.1,OFF,OFF
2026-09-06 04:00:00,Laboratory Block,LAB2,14.92,3,32.1,OFF,ON
2026-09-06 04:00:00,Laboratory Block,LAB3,14.76,0,31.2,OFF,OFF
2026-09-06 05:00:00,Academic Block,A101,9.03,1,26.5,OFF,ON
2026-09-06 05:00:00,Academic Block,A102,10.45,2,26.5,OFF,ON
2026-09-06 05:00:00,Academic Block,A103,12.16,3,31.3,OFF,ON
2026-09-06 05:00:00,Engineering Block,E201,9.5,4,33.6,OFF,ON
2026-09-06 05:00:00,Engineering Block,E202,14.08,2,28.2,OFF,ON
2026-09-06 05:00:00,Engineering Block,E203,13.59,4,33.4,OFF,ON
2026-09-06 05:00:00,Library,L101,7.69,4,25.0,OFF,ON
2026-09-06 05:00:00,Library,L102,9.78,2,33.8,OFF,ON
2026-09-06 05:00:00,Hostel Block,H101,15.0,3,33.0,OFF,ON
2026-09-06 05:00:00,Hostel Block,H102,6.5,0,30.1,OFF,OFF
2026-09-06 05:00:00,Hostel Block,H103,23.59,0,27.4,OFF,ON
2026-09-06 05:00:00,Laboratory Block,LAB1,10.76,2,27.4,OFF,ON
2026-09-06 05:00:00,Laboratory Block,LAB2,15.1,4,25.2,OFF,ON
2026-09-06 05:00:00,Laboratory Block,LAB3,12.37,2,30.9,OFF,ON
2026-09-06 06:00:00,Academic Block,A101,10.65,0,32.7,OFF,OFF
2026-09-06 06:00:00,Academic Block,A102,11.95,0,29.0,OFF,OFF
2026-09-06 06:00:00,Academic Block,A103,6.98,0,32.6,OFF,OFF
2026-09-06 06:00:00,Engineering Block,E201,17.61,4,27.4,OFF,ON
2026-09-06 06:00:00,Engineering Block,E202,23.31,0,29.7,OFF,ON
2026-09-06 06:00:00,Engineering Block,E203,8.97,3,33.2,OFF,ON
2026-09-06 06:00:00,Library,L101,12.82,0,26.4,OFF,OFF
2026-09-06 06:00:00,Library,L102,14.73,3,33.4,OFF,ON
2026-09-06 06:00:00,Hostel Block,H101,5.78,4,33.4,OFF,ON
2026-09-06 06:00:00,Hostel Block,H102,9.69,0,33.4,OFF,OFF
2026-09-06 06:00:00,Hostel Block,H103,9.72,3,26.3,OFF,ON
2026-09-06 06:00:00,Laboratory Block,LAB1,13.39,2,27.5,OFF,ON
2026-09-06 06:00:00,Laboratory Block,LAB2,18.17,2,26.0,OFF,ON
2026-09-06 06:00:00,Laboratory Block,LAB3,11.86,0,30.9,OFF,OFF
2026-09-06 07:00:00,Academic Block,A101,7.09,4,28.7,OFF,ON
2026-09-06 07:00:00,Academic Block,A102,7.23,4,29.4,OFF,ON
2026-09-06 07:00:00,Academic Block,A103,10.03,1,31.3,OFF,ON
2026-09-06 07:00:00,Engineering Block,E201,14.95,4,33.2,OFF,ON
2026-09-06 07:00:00,Engineering Block,E202,13.77,0,26.4,OFF,OFF
2026-09-06 07:00:00,Engineering Block,E203,13.31,4,32.9,OFF,ON
2026-09-06 07:00:00,Library,L101,11.25,2,28.0,OFF,ON
2026-09-06 07:00:00,Library,L102,6.61,3,33.7,OFF,ON
2026-09-06 07:00:00,Hostel Block,H101,9.13,0,28.7,OFF,OFF
2026-09-06 07:00:00,Hostel Block,H102,13.17,3,32.5,OFF,ON
2026-09-06 07:00:00,Hostel Block,H103,12.44,4,32.1,OFF,ON
2026-09-06 07:00:00,Laboratory Block,LAB1,19.45,3,29.0,OFF,ON
2026-09-06 07:00:00,Laboratory Block,LAB2,12.44,3,27.5,OFF,ON
2026-09-06 07:00:00,Laboratory Block,LAB3,12.33,4,28.1,OFF,ON
2026-09-06 08:00:00,Academic Block,A101,13.08,33,26.0,OFF,ON
2026-09-06 08:00:00,Academic Block,A102,18.31,37,32.2,OFF,ON
2026-09-06 08:00:00,Academic Block,A103,11.4,42,28.6,OFF,ON
2026-09-06 08:00:00,Engineering Block,E201,17.05,25,28.1,OFF,ON
2026-09-06 08:00:00,Engineering Block,E202,18.97,40,31.8,OFF,ON
2026-09-06 08:00:00,Engineering Block,E203,17.93,39,31.2,OFF,ON
2026-09-06 08:00:00,Library,L101,13.8,34,28.0,OFF,ON
2026-09-06 08:00:00,Library,L102,12.28,33,33.6,OFF,ON
2026-09-06 08:00:00,Hostel Block,H101,15.79,29,25.9,OFF,ON
2026-09-06 08:00:00,Hostel Block,H102,16.03,17,25.2,OFF,ON
2026-09-06 08:00:00,Hostel Block,H103,13.83,40,31.2,OFF,ON
2026-09-06 08:00:00,Laboratory Block,LAB1,22.48,47,33.8,OFF,ON
2026-09-06 08:00:00,Laboratory Block,LAB2,19.52,33,30.5,OFF,ON
2026-09-06 08:00:00,Laboratory Block,LAB3,18.23,27,29.9,OFF,ON
2026-09-06 09:00:00,Academic Block,A101,21.92,51,30.3,ON,ON
2026-09-06 09:00:00,Academic Block,A102,17.83,58,27.1,ON,ON
2026-09-06 09:00:00,Academic Block,A103,13.07,18,26.8,ON,ON
2026-09-06 09:00:00,Engineering Block,E201,25.09,49,25.1,ON,ON
2026-09-06 09:00:00,Engineering Block,E202,17.79,28,31.4,ON,ON
2026-09-06 09:00:00,Engineering Block,E203,22.42,33,26.2,ON,ON
2026-09-06 09:00:00,Library,L101,9.85,21,29.5,ON,ON
2026-09-06 09:00:00,Library,L102,11.39,33,25.1,ON,ON
2026-09-06 09:00:00,Hostel Block,H101,13.3,29,31.2,ON,ON
2026-09-06 09:00:00,Hostel Block,H102,18.71,51,29.7,ON,ON
2026-09-06 09:00:00,Hostel Block,H103,7.52,16,29.7,ON,ON
2026-09-06 09:00:00,Laboratory Block,LAB1,27.84,58,28.7,ON,ON
2026-09-06 09:00:00,Laboratory Block,LAB2,18.63,36,27.1,ON,ON
2026-09-06 09:00:00,Laboratory Block,LAB3,24.79,41,31.1,ON,ON
2026-09-06 10:00:00,Academic Block,A101,16.59,58,31.0,ON,ON
2026-09-06 10:00:00,Academic Block,A102,8.94,22,25.3,ON,ON
2026-09-06 10:00:00,Academic Block,A103,15.63,50,31.8,ON,ON
2026-09-06 10:00:00,Engineering Block,E201,20.22,26,30.6,ON,ON
2026-09-06 10:00:00,Engineering Block,E202,13.51,25,31.7,ON,ON
2026-09-06 10:00:00,Engineering Block,E203,14.12,22,29.3,ON,ON
2026-09-06 10:00:00,Library,L101,14.96,27,30.4,ON,ON
2026-09-06 10:00:00,Library,L102,14.74,16,25.3,ON,ON
2026-09-06 10:00:00,Hostel Block,H101,9.09,19,25.9,ON,ON
2026-09-06 10:00:00,Hostel Block,H102,11.39,31,33.6,ON,ON
2026-09-06 10:00:00,Hostel Block,H103,15.03,39,31.6,ON,ON
2026-09-06 10:00:00,Laboratory Block,LAB1,25.74,45,26.5,ON,ON
2026-09-06 10:00:00,Laboratory Block,LAB2,16.66,27,29.8,ON,ON
2026-09-06 10:00:00,Laboratory Block,LAB3,19.51,36,33.5,ON,ON
2026-09-06 11:00:00,Academic Block,A101,11.24,23,31.9,ON,ON
2026-09-06 11:00:00,Academic Block,A102,33.62,1,28.9,ON,ON
2026-09-06 11:00:00,Academic Block,A103,19.03,49,33.1,ON,ON
2026-09-06 11:00:00,Engineering Block,E201,18.46,46,27.9,ON,ON
2026-09-06 11:00:00,Engineering Block,E202,14.07,32,29.3,ON,ON
2026-09-06 11:00:00,Engineering Block,E203,18.17,58,30.0,ON,ON
2026-09-06 11:00:00,Library,L101,16.88,28,25.4,ON,ON
2026-09-06 11:00:00,Library,L102,10.37,30,25.3,ON,ON
2026-09-06 11:00:00,Hostel Block,H101,15.96,34,28.2,ON,ON
2026-09-06 11:00:00,Hostel Block,H102,17.72,43,27.7,ON,ON
2026-09-06 11:00:00,Hostel Block,H103,15.82,52,30.9,ON,ON
2026-09-06 11:00:00,Laboratory Block,LAB1,47.04,1,25.6,ON,ON
2026-09-06 11:00:00,Laboratory Block,LAB2,21.04,53,27.6,ON,ON
2026-09-06 11:00:00,Laboratory Block,LAB3,23.98,55,32.7,ON,ON
2026-09-06 12:00:00,Academic Block,A101,19.82,50,33.4,ON,ON
2026-09-06 12:00:00,Academic Block,A102,10.86,35,29.7,ON,ON
2026-09-06 12:00:00,Academic Block,A103,15.52,38,26.1,ON,ON
2026-09-06 12:00:00,Engineering Block,E201,15.35,42,29.1,ON,ON
2026-09-06 12:00:00,Engineering Block,E202,18.7,25,28.8,ON,ON
2026-09-06 12:00:00,Engineering Block,E203,19.92,37,31.4,ON,ON
2026-09-06 12:00:00,Library,L101,22.2,53,26.0,ON,ON
2026-09-06 12:00:00,Library,L102,13.45,45,32.4,ON,ON
2026-09-06 12:00:00,Hostel Block,H101,15.25,47,32.3,ON,ON
2026-09-06 12:00:00,Hostel Block,H102,17.99,58,28.6,ON,ON
2026-09-06 12:00:00,Hostel Block,H103,20.95,41,29.4,ON,ON
2026-09-06 12:00:00,Laboratory Block,LAB1,18.77,55,33.5,ON,ON
2026-09-06 12:00:00,Laboratory Block,LAB2,21.53,16,32.0,ON,ON
2026-09-06 12:00:00,Laboratory Block,LAB3,20.58,28,30.7,ON,ON
2026-09-06 13:00:00,Academic Block,A101,26.6,1,25.3,ON,ON
2026-09-06 13:00:00,Academic Block,A102,20.6,39,30.4,ON,ON
2026-09-06 13:00:00,Academic Block,A103,11.23,39,30.5,ON,ON
2026-09-06 13:00:00,Engineering Block,E201,19.47,37,32.6,ON,ON
2026-09-06 13:00:00,Engineering Block,E202,14.32,27,26.5,ON,ON
2026-09-06 13:00:00,Engineering Block,E203,16.73,54,31.2,ON,ON
2026-09-06 13:00:00,Library,L101,16.4,50,32.8,ON,ON
2026-09-06 13:00:00,Library,L102,18.65,36,33.9,ON,ON
2026-09-06 13:00:00,Hostel Block,H101,13.15,43,31.9,ON,ON
2026-09-06 13:00:00,Hostel Block,H102,18.65,48,32.7,ON,ON
2026-09-06 13:00:00,Hostel Block,H103,14.55,29,29.1,ON,ON
2026-09-06 13:00:00,Laboratory Block,LAB1,20.57,35,26.7,ON,ON
2026-09-06 13:00:00,Laboratory Block,LAB2,18.66,18,27.5,ON,ON
2026-09-06 13:00:00,Laboratory Block,LAB3,25.19,55,30.8,ON,ON
2026-09-06 14:00:00,Academic Block,A101,21.4,59,30.8,ON,ON
2026-09-06 14:00:00,Academic Block,A102,15.87,26,28.4,ON,ON
2026-09-06 14:00:00,Academic Block,A103,14.24,31,30.8,ON,ON
2026-09-06 14:00:00,Engineering Block,E201,17.26,42,29.6,ON,ON
2026-09-06 14:00:00,Engineering Block,E202,17.68,27,25.4,ON,ON
2026-09-06 14:00:00,Engineering Block,E203,18.65,29,28.1,ON,ON
2026-09-06 14:00:00,Library,L101,13.65,19,27.6,ON,ON
2026-09-06 14:00:00,Library,L102,21.19,47,25.8,ON,ON
2026-09-06 14:00:00,Hostel Block,H101,11.99,44,30.9,ON,ON
2026-09-06 14:00:00,Hostel Block,H102,15.89,37,25.9,ON,ON
2026-09-06 14:00:00,Hostel Block,H103,16.48,52,26.1,ON,ON
2026-09-06 14:00:00,Laboratory Block,LAB1,19.64,40,32.5,ON,ON
2026-09-06 14:00:00,Laboratory Block,LAB2,20.27,30,31.3,ON,ON
2026-09-06 14:00:00,Laboratory Block,LAB3,19.76,44,33.8,ON,ON
2026-09-06 15:00:00,Academic Block,A101,12.45,17,29.7,ON,ON
2026-09-06 15:00:00,Academic Block,A102,16.49,22,29.9,ON,ON
2026-09-06 15:00:00,Academic Block,A103,18.86,29,32.7,ON,ON
2026-09-06 15:00:00,Engineering Block,E201,19.36,37,33.5,ON,ON
2026-09-06 15:00:00,Engineering Block,E202,17.54,30,29.2,ON,ON
2026-09-06 15:00:00,Engineering Block,E203,20.03,23,27.4,ON,ON
2026-09-06 15:00:00,Library,L101,18.11,38,32.1,ON,ON
2026-09-06 15:00:00,Library,L102,12.43,27,29.2,ON,ON
2026-09-06 15:00:00,Hostel Block,H101,15.23,59,28.6,ON,ON
2026-09-06 15:00:00,Hostel Block,H102,14.04,35,25.3,ON,ON
2026-09-06 15:00:00,Hostel Block,H103,18.23,54,32.8,ON,ON
2026-09-06 15:00:00,Laboratory Block,LAB1,20.75,37,31.9,ON,ON
2026-09-06 15:00:00,Laboratory Block,LAB2,25.11,53,26.2,ON,ON
2026-09-06 15:00:00,Laboratory Block,LAB3,16.58,15,29.4,ON,ON
2026-09-06 16:00:00,Academic Block,A101,14.3,26,29.1,ON,ON
2026-09-06 16:00:00,Academic Block,A102,23.56,58,33.4,ON,ON
2026-09-06 16:00:00,Academic Block,A103,15.88,44,32.9,ON,ON
2026-09-06 16:00:00,Engineering Block,E201,15.91,25,30.4,ON,ON
2026-09-06 16:00:00,Engineering Block,E202,18.0,31,31.2,ON,ON
2026-09-06 16:00:00,Engineering Block,E203,19.82,42,30.9,ON,ON
2026-09-06 16:00:00,Library,L101,19.19,32,29.8,ON,ON
2026-09-06 16:00:00,Library,L102,17.59,35,28.7,ON,ON
2026-09-06 16:00:00,Hostel Block,H101,12.84,16,29.9,ON,ON
2026-09-06 16:00:00,Hostel Block,H102,18.46,47,27.8,ON,ON
2026-09-06 16:00:00,Hostel Block,H103,17.44,39,28.6,ON,ON
2026-09-06 16:00:00,Laboratory Block,LAB1,18.29,33,27.0,ON,ON
2026-09-06 16:00:00,Laboratory Block,LAB2,22.04,57,26.2,ON,ON
2026-09-06 16:00:00,Laboratory Block,LAB3,16.02,38,25.7,ON,ON
2026-09-06 17:00:00,Academic Block,A101,16.9,40,33.4,ON,ON
2026-09-06 17:00:00,Academic Block,A102,12.53,23,26.0,ON,ON
2026-09-06 17:00:00,Academic Block,A103,9.05,27,33.6,ON,ON
2026-09-06 17:00:00,Engineering Block,E201,21.05,50,32.6,ON,ON
2026-09-06 17:00:00,Engineering Block,E202,17.28,26,26.4,ON,ON
2026-09-06 17:00:00,Engineering Block,E203,16.78,29,30.4,ON,ON
2026-09-06 17:00:00,Library,L101,14.42,17,32.1,ON,ON
2026-09-06 17:00:00,Library,L102,21.21,55,25.0,ON,ON
2026-09-06 17:00:00,Hostel Block,H101,18.17,52,33.2,ON,ON
2026-09-06 17:00:00,Hostel Block,H102,19.29,56,29.8,ON,ON
2026-09-06 17:00:00,Hostel Block,H103,14.96,33,29.7,ON,ON
2026-09-06 17:00:00,Laboratory Block,LAB1,20.61,39,26.1,ON,ON
2026-09-06 17:00:00,Laboratory Block,LAB2,26.38,56,26.4,ON,ON
2026-09-06 17:00:00,Laboratory Block,LAB3,23.05,41,28.0,ON,ON
2026-09-06 18:00:00,Academic Block,A101,10.29,26,27.1,OFF,ON
2026-09-06 18:00:00,Academic Block,A102,8.34,9,27.8,OFF,ON
2026-09-06 18:00:00,Academic Block,A103,10.89,19,31.9,OFF,ON
2026-09-06 18:00:00,Engineering Block,E201,21.35,23,27.4,OFF,ON
2026-09-06 18:00:00,Engineering Block,E202,12.36,7,26.6,OFF,ON
2026-09-06 18:00:00,Engineering Block,E203,13.8,20,26.3,OFF,ON
2026-09-06 18:00:00,Library,L101,13.93,9,27.0,OFF,ON
2026-09-06 18:00:00,Library,L102,9.1,8,29.9,OFF,ON
2026-09-06 18:00:00,Hostel Block,H101,15.63,8,31.5,OFF,ON
2026-09-06 18:00:00,Hostel Block,H102,12.64,8,30.5,OFF,ON
2026-09-06 18:00:00,Hostel Block,H103,13.42,22,29.9,OFF,ON
2026-09-06 18:00:00,Laboratory Block,LAB1,19.53,19,30.7,OFF,ON
2026-09-06 18:00:00,Laboratory Block,LAB2,13.38,16,27.4,OFF,ON
2026-09-06 18:00:00,Laboratory Block,LAB3,12.44,12,26.6,OFF,ON
2026-09-06 19:00:00,Academic Block,A101,10.55,26,28.2,OFF,ON
2026-09-06 19:00:00,Academic Block,A102,12.8,15,33.1,OFF,ON
2026-09-06 19:00:00,Academic Block,A103,17.63,21,28.2,OFF,ON
2026-09-06 19:00:00,Engineering Block,E201,17.16,20,28.9,OFF,ON
2026-09-06 19:00:00,Engineering Block,E202,17.94,10,26.6,OFF,ON
2026-09-06 19:00:00,Engineering Block,E203,18.51,19,29.0,OFF,ON
2026-09-06 19:00:00,Library,L101,13.57,9,26.6,OFF,ON
2026-09-06 19:00:00,Library,L102,13.99,15,29.9,OFF,ON
2026-09-06 19:00:00,Hostel Block,H101,17.98,20,31.8,OFF,ON
2026-09-06 19:00:00,Hostel Block,H102,12.07,20,30.0,OFF,ON
2026-09-06 19:00:00,Hostel Block,H103,16.63,25,32.5,OFF,ON
2026-09-06 19:00:00,Laboratory Block,LAB1,15.04,21,26.0,OFF,ON
2026-09-06 19:00:00,Laboratory Block,LAB2,17.05,28,29.5,OFF,ON
2026-09-06 19:00:00,Laboratory Block,LAB3,17.91,14,32.0,OFF,ON
2026-09-06 20:00:00,Academic Block,A101,15.33,17,29.4,OFF,ON
2026-09-06 20:00:00,Academic Block,A102,8.87,22,25.3,OFF,ON
2026-09-06 20:00:00,Academic Block,A103,10.41,11,29.8,OFF,ON
2026-09-06 20:00:00,Engineering Block,E201,15.7,7,28.1,OFF,ON
2026-09-06 20:00:00,Engineering Block,E202,12.99,27,30.7,OFF,ON
2026-09-06 20:00:00,Engineering Block,E203,16.51,26,29.4,OFF,ON
2026-09-06 20:00:00,Library,L101,11.65,7,27.7,OFF,ON
2026-09-06 20:00:00,Library,L102,13.5,21,26.8,OFF,ON
2026-09-06 20:00:00,Hostel Block,H101,9.88,29,25.5,OFF,ON
2026-09-06 20:00:00,Hostel Block,H102,13.53,17,27.4,OFF,ON
2026-09-06 20:00:00,Hostel Block,H103,8.48,9,30.5,OFF,ON
2026-09-06 20:00:00,Laboratory Block,LAB1,22.12,29,27.6,OFF,ON
2026-09-06 20:00:00,Laboratory Block,LAB2,13.63,6,33.3,OFF,ON
2026-09-06 20:00:00,Laboratory Block,LAB3,16.87,26,27.7,OFF,ON
2026-09-06 21:00:00,Academic Block,A101,10.39,26,29.1,OFF,ON
2026-09-06 21:00:00,Academic Block,A102,11.8,20,29.3,OFF,ON
2026-09-06 21:00:00,Academic Block,A103,11.53,22,27.9,OFF,ON
2026-09-06 21:00:00,Engineering Block,E201,16.28,26,28.2,OFF,ON
2026-09-06 21:00:00,Engineering Block,E202,14.8,25,33.9,OFF,ON
2026-09-06 21:00:00,Engineering Block,E203,16.56,8,29.4,OFF,ON
2026-09-06 21:00:00,Library,L101,15.67,23,27.5,OFF,ON
2026-09-06 21:00:00,Library,L102,13.25,9,33.0,OFF,ON
2026-09-06 21:00:00,Hostel Block,H101,14.46,20,28.6,OFF,ON
2026-09-06 21:00:00,Hostel Block,H102,14.56,19,26.4,OFF,ON
2026-09-06 21:00:00,Hostel Block,H103,15.14,26,25.1,OFF,ON
2026-09-06 21:00:00,Laboratory Block,LAB1,18.18,12,27.7,OFF,ON
2026-09-06 21:00:00,Laboratory Block,LAB2,17.19,9,26.9,OFF,ON
2026-09-06 21:00:00,Laboratory Block,LAB3,16.97,12,31.6,OFF,ON
2026-09-06 22:00:00,Academic Block,A101,30.69,0,26.6,ON,ON
2026-09-06 22:00:00,Academic Block,A102,10.9,3,29.8,OFF,ON
2026-09-06 22:00:00,Academic Block,A103,7.19,0,27.2,OFF,OFF
2026-09-06 22:00:00,Engineering Block,E201,11.67,3,30.5,OFF,ON
2026-09-06 22:00:00,Engineering Block,E202,12.23,4,29.2,OFF,ON
2026-09-06 22:00:00,Engineering Block,E203,17.49,0,25.7,OFF,OFF
2026-09-06 22:00:00,Library,L101,7.56,2,25.2,OFF,ON
2026-09-06 22:00:00,Library,L102,5.34,0,30.3,OFF,OFF
2026-09-06 22:00:00,Hostel Block,H101,10.14,3,28.0,OFF,ON
2026-09-06 22:00:00,Hostel Block,H102,9.85,1,33.6,OFF,ON
2026-09-06 22:00:00,Hostel Block,H103,8.25,1,33.4,OFF,ON
2026-09-06 22:00:00,Laboratory Block,LAB1,15.5,3,31.3,OFF,ON
2026-09-06 22:00:00,Laboratory Block,LAB2,16.91,0,29.8,OFF,OFF
2026-09-06 22:00:00,Laboratory Block,LAB3,14.39,0,32.6,OFF,OFF
2026-09-06 23:00:00,Academic Block,A101,6.02,0,25.6,OFF,OFF
2026-09-06 23:00:00,Academic Block,A102,12.33,1,31.7,OFF,ON
2026-09-06 23:00:00,Academic Block,A103,26.96,0,28.0,ON,ON
2026-09-06 23:00:00,Engineering Block,E201,10.26,3,28.7,OFF,ON
2026-09-06 23:00:00,Engineering Block,E202,12.61,1,27.0,OFF,ON
2026-09-06 23:00:00,Engineering Block,E203,8.79,1,25.5,OFF,ON
2026-09-06 23:00:00,Library,L101,13.17,3,26.5,OFF,ON
2026-09-06 23:00:00,Library,L102,13.88,4,25.2,OFF,ON
2026-09-06 23:00:00,Hostel Block,H101,9.68,0,28.6,OFF,OFF
2026-09-06 23:00:00,Hostel Block,H102,13.75,1,31.2,OFF,ON
2026-09-06 23:00:00,Hostel Block,H103,9.87,3,25.6,OFF,ON
2026-09-06 23:00:00,Laboratory Block,LAB1,15.93,2,32.2,OFF,ON
2026-09-06 23:00:00,Laboratory Block,LAB2,14.3,3,26.4,OFF,ON
2026-09-06 23:00:00,Laboratory Block,LAB3,19.43,2,27.5,OFF,ON
2026-09-07 00:00:00,Academic Block,A101,9.53,1,25.2,OFF,ON
2026-09-07 00:00:00,Academic Block,A102,6.08,1,29.6,OFF,ON
2026-09-07 00:00:00,Academic Block,A103,10.61,2,30.3,OFF,ON
2026-09-07 00:00:00,Engineering Block,E201,10.94,3,27.0,OFF,ON
2026-09-07 00:00:00,Engineering Block,E202,17.17,1,33.3,OFF,ON
2026-09-07 00:00:00,Engineering Block,E203,10.55,0,27.4,OFF,OFF
2026-09-07 00:00:00,Library,L101,5.63,1,27.0,OFF,ON
2026-09-07 00:00:00,Library,L102,10.45,2,31.2,OFF,ON
2026-09-07 00:00:00,Hostel Block,H101,11.25,3,33.5,OFF,ON
2026-09-07 00:00:00,Hostel Block,H102,8.41,1,31.5,OFF,ON
2026-09-07 00:00:00,Hostel Block,H103,10.99,3,29.1,OFF,ON
2026-09-07 00:00:00,Laboratory Block,LAB1,10.4,2,27.5,OFF,ON
2026-09-07 00:00:00,Laboratory Block,LAB2,17.82,1,26.9,OFF,ON
2026-09-07 00:00:00,Laboratory Block,LAB3,15.62,2,32.3,OFF,ON
2026-09-07 01:00:00,Academic Block,A101,12.17,3,33.2,OFF,ON
2026-09-07 01:00:00,Academic Block,A102,9.96,3,28.2,OFF,ON
2026-09-07 01:00:00,Academic Block,A103,11.48,0,28.8,OFF,OFF
2026-09-07 01:00:00,Engineering Block,E201,15.94,4,25.7,OFF,ON
2026-09-07 01:00:00,Engineering Block,E202,13.22,4,31.4,OFF,ON
2026-09-07 01:00:00,Engineering Block,E203,11.52,1,30.0,OFF,ON
2026-09-07 01:00:00,Library,L101,6.83,3,31.7,OFF,ON
2026-09-07 01:00:00,Library,L102,11.35,2,31.2,OFF,ON
2026-09-07 01:00:00,Hostel Block,H101,10.02,3,29.7,OFF,ON
2026-09-07 01:00:00,Hostel Block,H102,14.91,4,32.6,OFF,ON
2026-09-07 01:00:00,Hostel Block,H103,12.83,1,27.0,OFF,ON
2026-09-07 01:00:00,Laboratory Block,LAB1,35.26,0,30.8,OFF,OFF
2026-09-07 01:00:00,Laboratory Block,LAB2,17.32,0,28.2,OFF,OFF
2026-09-07 01:00:00,Laboratory Block,LAB3,20.46,4,26.6,OFF,ON
2026-09-07 02:00:00,Academic Block,A101,6.85,0,31.1,OFF,OFF
2026-09-07 02:00:00,Academic Block,A102,9.44,3,30.5,OFF,ON
2026-09-07 02:00:00,Academic Block,A103,9.47,1,25.5,OFF,ON
2026-09-07 02:00:00,Engineering Block,E201,10.71,4,29.5,OFF,ON
2026-09-07 02:00:00,Engineering Block,E202,14.45,4,25.3,OFF,ON
2026-09-07 02:00:00,Engineering Block,E203,17.71,3,30.8,OFF,ON
2026-09-07 02:00:00,Library,L101,7.0,0,26.2,OFF,OFF
2026-09-07 02:00:00,Library,L102,19.89,0,27.3,OFF,ON
2026-09-07 02:00:00,Hostel Block,H101,7.67,1,32.0,OFF,ON
2026-09-07 02:00:00,Hostel Block,H102,5.67,3,29.5,OFF,ON
2026-09-07 02:00:00,Hostel Block,H103,13.11,4,31.1,OFF,ON
2026-09-07 02:00:00,Laboratory Block,LAB1,19.27,3,30.2,OFF,ON
2026-09-07 02:00:00,Laboratory Block,LAB2,14.24,1,33.1,OFF,ON
2026-09-07 02:00:00,Laboratory Block,LAB3,11.1,4,26.4,OFF,ON
2026-09-07 03:00:00,Academic Block,A101,13.17,2,28.7,OFF,ON
2026-09-07 03:00:00,Academic Block,A102,9.52,3,32.6,OFF,ON
2026-09-07 03:00:00,Academic Block,A103,5.58,1,33.1,OFF,ON
2026-09-07 03:00:00,Engineering Block,E201,9.39,4,30.0,OFF,ON
2026-09-07 03:00:00,Engineering Block,E202,12.26,4,30.0,OFF,ON
2026-09-07 03:00:00,Engineering Block,E203,14.44,0,28.0,OFF,OFF
2026-09-07 03:00:00,Library,L101,8.16,2,29.7,OFF,ON
2026-09-07 03:00:00,Library,L102,7.77,1,29.5,OFF,ON
2026-09-07 03:00:00,Hostel Block,H101,10.9,1,32.4,OFF,ON
2026-09-07 03:00:00,Hostel Block,H102,12.03,2,33.0,OFF,ON
2026-09-07 03:00:00,Hostel Block,H103,7.6,4,33.9,OFF,ON
2026-09-07 03:00:00,Laboratory Block,LAB1,11.45,3,31.5,OFF,ON
2026-09-07 03:00:00,Laboratory Block,LAB2,18.03,4,28.7,OFF,ON
2026-09-07 03:00:00,Laboratory Block,LAB3,29.78,1,28.5,OFF,ON
2026-09-07 04:00:00,Academic Block,A101,6.28,0,31.8,OFF,OFF
2026-09-07 04:00:00,Academic Block,A102,7.57,3,25.3,OFF,ON
2026-09-07 04:00:00,Academic Block,A103,5.8,4,29.7,OFF,ON
2026-09-07 04:00:00,Engineering Block,E201,14.92,3,31.2,OFF,ON
2026-09-07 04:00:00,Engineering Block,E202,9.03,0,27.0,OFF,OFF
2026-09-07 04:00:00,Engineering Block,E203,12.88,1,31.1,OFF,ON
2026-09-07 04:00:00,Library,L101,6.99,0,25.7,OFF,OFF
2026-09-07 04:00:00,Library,L102,7.99,3,28.0,OFF,ON
2026-09-07 04:00:00,Hostel Block,H101,10.84,1,33.4,OFF,ON
2026-09-07 04:00:00,Hostel Block,H102,6.81,1,28.1,OFF,ON
2026-09-07 04:00:00,Hostel Block,H103,13.52,4,33.8,OFF,ON
2026-09-07 04:00:00,Laboratory Block,LAB1,15.65,1,29.4,OFF,ON
2026-09-07 04:00:00,Laboratory Block,LAB2,17.65,1,26.2,OFF,ON
2026-09-07 04:00:00,Laboratory Block,LAB3,19.47,1,31.8,OFF,ON
2026-09-07 05:00:00,Academic Block,A101,13.45,1,33.6,OFF,ON
2026-09-07 05:00:00,Academic Block,A102,12.1,3,29.0,OFF,ON
2026-09-07 05:00:00,Academic Block,A103,8.55,2,27.6,OFF,ON
2026-09-07 05:00:00,Engineering Block,E201,13.83,0,33.5,OFF,OFF
2026-09-07 05:00:00,Engineering Block,E202,16.58,0,33.1,OFF,OFF
2026-09-07 05:00:00,Engineering Block,E203,10.25,3,33.2,OFF,ON
2026-09-07 05:00:00,Library,L101,14.39,0,28.3,OFF,OFF
2026-09-07 05:00:00,Library,L102,11.43,3,29.4,OFF,ON
2026-09-07 05:00:00,Hostel Block,H101,27.65,2,27.3,OFF,ON
2026-09-07 05:00:00,Hostel Block,H102,7.79,0,30.2,OFF,OFF
2026-09-07 05:00:00,Hostel Block,H103,15.45,4,32.9,OFF,ON
2026-09-07 05:00:00,Laboratory Block,LAB1,12.53,3,27.8,OFF,ON
2026-09-07 05:00:00,Laboratory Block,LAB2,20.53,4,25.1,OFF,ON
2026-09-07 05:00:00,Laboratory Block,LAB3,16.49,2,27.1,OFF,ON
2026-09-07 06:00:00,Academic Block,A101,14.38,3,33.0,OFF,ON
2026-09-07 06:00:00,Academic Block,A102,10.7,3,29.3,OFF,ON
2026-09-07 06:00:00,Academic Block,A103,14.3,1,29.8,OFF,ON
2026-09-07 06:00:00,Engineering Block,E201,10.45,1,26.3,OFF,ON
2026-09-07 06:00:00,Engineering Block,E202,16.03,4,33.1,OFF,ON
2026-09-07 06:00:00,Engineering Block,E203,14.51,1,27.7,OFF,ON
2026-09-07 06:00:00,Library,L101,11.78,3,30.2,OFF,ON
2026-09-07 06:00:00,Library,L102,8.48,0,31.5,OFF,OFF
2026-09-07 06:00:00,Hostel Block,H101,9.17,0,31.8,OFF,OFF
2026-09-07 06:00:00,Hostel Block,H102,8.93,3,29.4,OFF,ON
2026-09-07 06:00:00,Hostel Block,H103,7.8,1,27.7,OFF,ON
2026-09-07 06:00:00,Laboratory Block,LAB1,15.04,1,28.7,OFF,ON
2026-09-07 06:00:00,Laboratory Block,LAB2,15.87,3,31.1,OFF,ON
2026-09-07 06:00:00,Laboratory Block,LAB3,10.96,4,31.3,OFF,ON
2026-09-07 07:00:00,Academic Block,A101,6.03,0,30.5,OFF,OFF
2026-09-07 07:00:00,Academic Block,A102,37.52,2,31.1,OFF,ON
2026-09-07 07:00:00,Academic Block,A103,13.62,1,30.4,OFF,ON
2026-09-07 07:00:00,Engineering Block,E201,12.4,0,26.1,OFF,OFF
2026-09-07 07:00:00,Engineering Block,E202,15.24,3,25.6,OFF,ON
2026-09-07 07:00:00,Engineering Block,E203,12.58,4,30.6,OFF,ON
2026-09-07 07:00:00,Library,L101,13.85,2,32.6,OFF,ON
2026-09-07 07:00:00,Library,L102,8.4,4,25.5,OFF,ON
2026-09-07 07:00:00,Hostel Block,H101,9.11,3,28.9,OFF,ON
2026-09-07 07:00:00,Hostel Block,H102,11.76,4,29.3,OFF,ON
2026-09-07 07:00:00,Hostel Block,H103,9.18,0,28.1,OFF,OFF
2026-09-07 07:00:00,Laboratory Block,LAB1,10.36,1,27.0,OFF,ON
2026-09-07 07:00:00,Laboratory Block,LAB2,10.95,2,31.9,OFF,ON
2026-09-07 07:00:00,Laboratory Block,LAB3,16.94,1,29.2,OFF,ON
2026-09-07 08:00:00,Academic Block,A101,28.47,0,26.3,OFF,ON
2026-09-07 08:00:00,Academic Block,A102,10.02,32,29.7,OFF,ON
2026-09-07 08:00:00,Academic Block,A103,19.54,35,31.5,OFF,ON
2026-09-07 08:00:00,Engineering Block,E201,18.27,57,27.7,OFF,ON
2026-09-07 08:00:00,Engineering Block,E202,23.48,55,30.8,OFF,ON
2026-09-07 08:00:00,Engineering Block,E203,22.06,37,31.1,OFF,ON
2026-09-07 08:00:00,Library,L101,17.55,37,29.5,OFF,ON
2026-09-07 08:00:00,Library,L102,16.14,29,31.5,OFF,ON
2026-09-07 08:00:00,Hostel Block,H101,16.71,36,29.3,OFF,ON
2026-09-07 08:00:00,Hostel Block,H102,9.87,15,29.6,OFF,ON
2026-09-07 08:00:00,Hostel Block,H103,20.35,49,30.2,OFF,ON
2026-09-07 08:00:00,Laboratory Block,LAB1,12.42,15,28.3,OFF,ON
2026-09-07 08:00:00,Laboratory Block,LAB2,21.73,57,27.4,OFF,ON
2026-09-07 08:00:00,Laboratory Block,LAB3,18.64,51,32.6,OFF,ON
2026-09-07 09:00:00,Academic Block,A101,28.63,1,28.6,ON,ON
2026-09-07 09:00:00,Academic Block,A102,10.88,25,27.4,ON,ON
2026-09-07 09:00:00,Academic Block,A103,23.27,59,32.4,ON,ON
2026-09-07 09:00:00,Engineering Block,E201,16.79,55,28.2,ON,ON
2026-09-07 09:00:00,Engineering Block,E202,22.74,33,25.8,ON,ON
2026-09-07 09:00:00,Engineering Block,E203,22.44,56,32.2,ON,ON
2026-09-07 09:00:00,Library,L101,17.14,31,31.0,ON,ON
2026-09-07 09:00:00,Library,L102,8.99,20,30.6,ON,ON
2026-09-07 09:00:00,Hostel Block,H101,16.83,20,30.2,ON,ON
2026-09-07 09:00:00,Hostel Block,H102,17.94,50,26.4,ON,ON
2026-09-07 09:00:00,Hostel Block,H103,16.96,25,26.2,ON,ON
2026-09-07 09:00:00,Laboratory Block,LAB1,14.24,28,25.4,ON,ON
2026-09-07 09:00:00,Laboratory Block,LAB2,28.46,58,27.5,ON,ON
2026-09-07 09:00:00,Laboratory Block,LAB3,23.42,54,29.3,ON,ON
2026-09-07 10:00:00,Academic Block,A101,14.78,37,32.2,ON,ON
2026-09-07 10:00:00,Academic Block,A102,14.8,52,27.2,ON,ON
2026-09-07 10:00:00,Academic Block,A103,14.86,29,27.6,ON,ON
2026-09-07 10:00:00,Engineering Block,E201,21.54,44,26.5,ON,ON
2026-09-07 10:00:00,Engineering Block,E202,18.81,20,27.6,ON,ON
2026-09-07 10:00:00,Engineering Block,E203,17.67,55,31.3,ON,ON
2026-09-07 10:00:00,Library,L101,12.97,38,25.1,ON,ON
2026-09-07 10:00:00,Library,L102,14.14,15,26.0,ON,ON
2026-09-07 10:00:00,Hostel Block,H101,13.78,17,30.9,ON,ON
2026-09-07 10:00:00,Hostel Block,H102,16.95,21,33.0,ON,ON
2026-09-07 10:00:00,Hostel Block,H103,15.35,47,29.0,ON,ON
2026-09-07 10:00:00,Laboratory Block,LAB1,20.56,30,28.3,ON,ON
2026-09-07 10:00:00,Laboratory Block,LAB2,15.66,29,30.3,ON,ON
2026-09-07 10:00:00,Laboratory Block,LAB3,20.84,18,32.0,ON,ON
2026-09-07 11:00:00,Academic Block,A101,19.02,36,33.0,ON,ON
2026-09-07 11:00:00,Academic Block,A102,13.35,35,30.1,ON,ON
2026-09-07 11:00:00,Academic Block,A103,14.51,32,33.5,ON,ON
2026-09-07 11:00:00,Engineering Block,E201,17.93,38,30.6,ON,ON
2026-09-07 11:00:00,Engineering Block,E202,19.15,48,32.4,ON,ON
2026-09-07 11:00:00,Engineering Block,E203,17.64,54,32.1,ON,ON
2026-09-07 11:00:00,Library,L101,17.08,18,32.4,ON,ON
2026-09-07 11:00:00,Library,L102,15.78,29,29.8,ON,ON
2026-09-07 11:00:00,Hostel Block,H101,11.87,24,32.0,ON,ON
2026-09-07 11:00:00,Hostel Block,H102,22.02,57,28.4,ON,ON
2026-09-07 11:00:00,Hostel Block,H103,15.92,30,29.2,ON,ON
2026-09-07 11:00:00,Laboratory Block,LAB1,19.59,38,28.9,ON,ON
2026-09-07 11:00:00,Laboratory Block,LAB2,24.03,52,28.1,ON,ON
2026-09-07 11:00:00,Laboratory Block,LAB3,17.09,21,31.1,ON,ON
2026-09-07 12:00:00,Academic Block,A101,15.8,32,27.6,ON,ON
2026-09-07 12:00:00,Academic Block,A102,29.56,0,27.3,ON,ON
2026-09-07 12:00:00,Academic Block,A103,17.9,51,33.8,ON,ON
2026-09-07 12:00:00,Engineering Block,E201,19.71,54,32.2,ON,ON
2026-09-07 12:00:00,Engineering Block,E202,15.03,33,29.2,ON,ON
2026-09-07 12:00:00,Engineering Block,E203,17.82,33,28.2,ON,ON
2026-09-07 12:00:00,Library,L101,15.6,43,25.7,ON,ON
2026-09-07 12:00:00,Library,L102,17.67,22,30.6,ON,ON
2026-09-07 12:00:00,Hostel Block,H101,16.1,34,31.4,ON,ON
2026-09-07 12:00:00,Hostel Block,H102,18.1,48,27.7,ON,ON
2026-09-07 12:00:00,Hostel Block,H103,16.43,55,32.2,ON,ON
2026-09-07 12:00:00,Laboratory Block,LAB1,15.17,30,27.3,ON,ON
2026-09-07 12:00:00,Laboratory Block,LAB2,23.27,59,30.8,ON,ON
2026-09-07 12:00:00,Laboratory Block,LAB3,27.31,58,27.0,ON,ON
2026-09-07 13:00:00,Academic Block,A101,19.89,41,28.9,ON,ON
2026-09-07 13:00:00,Academic Block,A102,12.0,17,31.4,ON,ON
2026-09-07 13:00:00,Academic Block,A103,21.33,52,28.6,ON,ON
2026-09-07 13:00:00,Engineering Block,E201,16.56,35,25.8,ON,ON
2026-09-07 13:00:00,Engineering Block,E202,24.05,52,25.6,ON,ON
2026-09-07 13:00:00,Engineering Block,E203,17.14,17,30.6,ON,ON
2026-09-07 13:00:00,Library,L101,15.71,33,30.3,ON,ON
2026-09-07 13:00:00,Library,L102,18.25,41,25.2,ON,ON
2026-09-07 13:00:00,Hostel Block,H101,22.68,54,25.8,ON,ON
2026-09-07 13:00:00,Hostel Block,H102,13.7,23,29.9,ON,ON
2026-09-07 13:00:00,Hostel Block,H103,18.2,46,32.6,ON,ON
2026-09-07 13:00:00,Laboratory Block,LAB1,17.97,35,29.0,ON,ON
2026-09-07 13:00:00,Laboratory Block,LAB2,21.24,20,28.7,ON,ON
2026-09-07 13:00:00,Laboratory Block,LAB3,21.43,31,29.3,ON,ON
2026-09-07 14:00:00,Academic Block,A101,20.38,49,26.3,ON,ON
2026-09-07 14:00:00,Academic Block,A102,18.75,49,29.5,ON,ON
2026-09-07 14:00:00,Academic Block,A103,17.7,44,25.8,ON,ON
2026-09-07 14:00:00,Engineering Block,E201,18.06,23,33.2,ON,ON
2026-09-07 14:00:00,Engineering Block,E202,23.46,45,31.7,ON,ON
2026-09-07 14:00:00,Engineering Block,E203,14.35,33,28.1,ON,ON
2026-09-07 14:00:00,Library,L101,12.82,38,33.2,ON,ON
2026-09-07 14:00:00,Library,L102,12.11,28,30.5,ON,ON
2026-09-07 14:00:00,Hostel Block,H101,18.03,31,29.7,ON,ON
2026-09-07 14:00:00,Hostel Block,H102,11.55,29,28.3,ON,ON
2026-09-07 14:00:00,Hostel Block,H103,22.57,55,31.5,ON,ON
2026-09-07 14:00:00,Laboratory Block,LAB1,21.3,43,27.3,ON,ON
2026-09-07 14:00:00,Laboratory Block,LAB2,24.31,36,32.6,ON,ON
2026-09-07 14:00:00,Laboratory Block,LAB3,20.82,48,27.9,ON,ON
2026-09-07 15:00:00,Academic Block,A101,14.74,29,29.0,ON,ON
2026-09-07 15:00:00,Academic Block,A102,15.9,24,29.6,ON,ON
2026-09-07 15:00:00,Academic Block,A103,8.18,21,27.2,ON,ON
2026-09-07 15:00:00,Engineering Block,E201,30.16,2,26.8,ON,ON
2026-09-07 15:00:00,Engineering Block,E202,32.49,0,33.6,ON,ON
2026-09-07 15:00:00,Engineering Block,E203,22.65,36,25.9,ON,ON
2026-09-07 15:00:00,Library,L101,21.84,59,27.2,ON,ON
2026-09-07 15:00:00,Library,L102,9.65,16,32.3,ON,ON
2026-09-07 15:00:00,Hostel Block,H101,16.68,46,31.5,ON,ON
2026-09-07 15:00:00,Hostel Block,H102,9.21,17,33.8,ON,ON
2026-09-07 15:00:00,Hostel Block,H103,16.21,53,31.6,ON,ON
2026-09-07 15:00:00,Laboratory Block,LAB1,20.82,53,33.5,ON,ON
2026-09-07 15:00:00,Laboratory Block,LAB2,17.73,28,33.6,ON,ON
2026-09-07 15:00:00,Laboratory Block,LAB3,21.59,32,27.1,ON,ON
2026-09-07 16:00:00,Academic Block,A101,14.65,38,28.4,ON,ON
2026-09-07 16:00:00,Academic Block,A102,13.23,18,25.2,ON,ON
2026-09-07 16:00:00,Academic Block,A103,19.42,39,29.3,ON,ON
2026-09-07 16:00:00,Engineering Block,E201,14.6,31,26.5,ON,ON
2026-09-07 16:00:00,Engineering Block,E202,12.09,22,30.9,ON,ON
2026-09-07 16:00:00,Engineering Block,E203,21.4,55,27.4,ON,ON
2026-09-07 16:00:00,Library,L101,14.3,43,31.8,ON,ON
2026-09-07 16:00:00,Library,L102,13.34,33,31.4,ON,ON
2026-09-07 16:00:00,Hostel Block,H101,20.5,54,27.3,ON,ON
2026-09-07 16:00:00,Hostel Block,H102,16.19,51,29.3,ON,ON
2026-09-07 16:00:00,Hostel Block,H103,34.28,2,26.8,ON,ON
2026-09-07 16:00:00,Laboratory Block,LAB1,23.04,34,26.8,ON,ON
2026-09-07 16:00:00,Laboratory Block,LAB2,15.73,17,28.2,ON,ON
2026-09-07 16:00:00,Laboratory Block,LAB3,13.54,23,31.4,ON,ON
2026-09-07 17:00:00,Academic Block,A101,14.92,19,31.0,ON,ON
2026-09-07 17:00:00,Academic Block,A102,13.14,53,31.3,ON,ON
2026-09-07 17:00:00,Academic Block,A103,12.57,46,33.5,ON,ON
2026-09-07 17:00:00,Engineering Block,E201,13.56,26,27.7,ON,ON
2026-09-07 17:00:00,Engineering Block,E202,19.33,25,26.1,ON,ON
2026-09-07 17:00:00,Engineering Block,E203,18.1,25,26.4,ON,ON
2026-09-07 17:00:00,Library,L101,18.34,56,25.5,ON,ON
2026-09-07 17:00:00,Library,L102,16.05,30,29.6,ON,ON
2026-09-07 17:00:00,Hostel Block,H101,18.04,52,27.1,ON,ON
2026-09-07 17:00:00,Hostel Block,H102,19.16,30,30.2,ON,ON
2026-09-07 17:00:00,Hostel Block,H103,16.85,22,29.2,ON,ON
2026-09-07 17:00:00,Laboratory Block,LAB1,17.57,44,26.2,ON,ON
2026-09-07 17:00:00,Laboratory Block,LAB2,21.32,28,29.4,ON,ON
2026-09-07 17:00:00,Laboratory Block,LAB3,15.66,19,30.0,ON,ON
2026-09-07 18:00:00,Academic Block,A101,13.42,19,28.7,OFF,ON
2026-09-07 18:00:00,Academic Block,A102,14.27,28,25.8,OFF,ON
2026-09-07 18:00:00,Academic Block,A103,14.01,17,32.6,OFF,ON
2026-09-07 18:00:00,Engineering Block,E201,21.05,21,31.7,OFF,ON
2026-09-07 18:00:00,Engineering Block,E202,15.99,17,25.9,OFF,ON
2026-09-07 18:00:00,Engineering Block,E203,12.92,7,30.4,OFF,ON
2026-09-07 18:00:00,Library,L101,14.9,23,27.1,OFF,ON
2026-09-07 18:00:00,Library,L102,8.47,17,32.5,OFF,ON
2026-09-07 18:00:00,Hostel Block,H101,8.78,5,29.5,OFF,ON
2026-09-07 18:00:00,Hostel Block,H102,13.59,23,30.3,OFF,ON
2026-09-07 18:00:00,Hostel Block,H103,9.5,10,26.4,OFF,ON
2026-09-07 18:00:00,Laboratory Block,LAB1,14.05,15,28.9,OFF,ON
2026-09-07 18:00:00,Laboratory Block,LAB2,19.5,22,29.8,OFF,ON
2026-09-07 18:00:00,Laboratory Block,LAB3,15.15,16,31.5,OFF,ON
2026-09-07 19:00:00,Academic Block,A101,12.21,16,28.7,OFF,ON
2026-09-07 19:00:00,Academic Block,A102,11.52,5,32.9,OFF,ON
2026-09-07 19:00:00,Academic Block,A103,12.65,12,28.8,OFF,ON
2026-09-07 19:00:00,Engineering Block,E201,11.48,10,25.2,OFF,ON
2026-09-07 19:00:00,Engineering Block,E202,13.94,18,33.7,OFF,ON
2026-09-07 19:00:00,Engineering Block,E203,10.83,15,33.4,OFF,ON
2026-09-07 19:00:00,Library,L101,11.22,29,25.3,OFF,ON
2026-09-07 19:00:00,Library,L102,13.37,9,30.0,OFF,ON
2026-09-07 19:00:00,Hostel Block,H101,15.89,23,33.1,OFF,ON
2026-09-07 19:00:00,Hostel Block,H102,14.07,22,30.9,OFF,ON
2026-09-07 19:00:00,Hostel Block,H103,37.08,1,26.4,OFF,ON
2026-09-07 19:00:00,Laboratory Block,LAB1,16.77,24,31.3,OFF,ON
2026-09-07 19:00:00,Laboratory Block,LAB2,22.54,25,28.2,OFF,ON
2026-09-07 19:00:00,Laboratory Block,LAB3,12.51,8,30.1,OFF,ON
2026-09-07 20:00:00,Academic Block,A101,14.6,23,32.6,OFF,ON
2026-09-07 20:00:00,Academic Block,A102,16.07,12,31.3,OFF,ON
2026-09-07 20:00:00,Academic Block,A103,17.63,23,29.9,OFF,ON
2026-09-07 20:00:00,Engineering Block,E201,19.74,15,30.8,OFF,ON
2026-09-07 20:00:00,Engineering Block,E202,13.27,29,27.2,OFF,ON
2026-09-07 20:00:00,Engineering Block,E203,18.4,11,33.3,OFF,ON
2026-09-07 20:00:00,Library,L101,7.41,14,33.1,OFF,ON
2026-09-07 20:00:00,Library,L102,12.99,21,29.1,OFF,ON
2026-09-07 20:00:00,Hostel Block,H101,10.28,29,31.4,OFF,ON
2026-09-07 20:00:00,Hostel Block,H102,12.61,23,31.6,OFF,ON
2026-09-07 20:00:00,Hostel Block,H103,15.2,26,29.8,OFF,ON
2026-09-07 20:00:00,Laboratory Block,LAB1,19.06,14,33.3,OFF,ON
2026-09-07 20:00:00,Laboratory Block,LAB2,15.06,13,29.4,OFF,ON
2026-09-07 20:00:00,Laboratory Block,LAB3,10.98,5,26.2,OFF,ON
2026-09-07 21:00:00,Academic Block,A101,11.59,14,28.8,OFF,ON
2026-09-07 21:00:00,Academic Block,A102,15.7,21,25.8,OFF,ON
2026-09-07 21:00:00,Academic Block,A103,12.86,9,27.0,OFF,ON
2026-09-07 21:00:00,Engineering Block,E201,14.22,6,27.4,OFF,ON
2026-09-07 21:00:00,Engineering Block,E202,11.9,6,29.8,OFF,ON
2026-09-07 21:00:00,Engineering Block,E203,18.74,17,34.0,OFF,ON
2026-09-07 21:00:00,Library,L101,10.76,13,29.0,OFF,ON
2026-09-07 21:00:00,Library,L102,12.95,23,30.8,OFF,ON
2026-09-07 21:00:00,Hostel Block,H101,11.02,18,29.2,OFF,ON
2026-09-07 21:00:00,Hostel Block,H102,6.91,12,25.5,OFF,ON
2026-09-07 21:00:00,Hostel Block,H103,16.87,28,28.3,OFF,ON
2026-09-07 21:00:00,Laboratory Block,LAB1,17.39,7,25.2,OFF,ON
2026-09-07 21:00:00,Laboratory Block,LAB2,20.71,14,33.6,OFF,ON
2026-09-07 21:00:00,Laboratory Block,LAB3,23.48,28,29.8,OFF,ON
2026-09-07 22:00:00,Academic Block,A101,15.02,3,28.3,OFF,ON
2026-09-07 22:00:00,Academic Block,A102,12.52,2,32.5,OFF,ON
2026-09-07 22:00:00,Academic Block,A103,12.76,0,27.6,OFF,OFF
2026-09-07 22:00:00,Engineering Block,E201,12.92,3,27.3,OFF,ON
2026-09-07 22:00:00,Engineering Block,E202,9.37,1,26.0,OFF,ON
2026-09-07 22:00:00,Engineering Block,E203,12.69,0,28.1,OFF,OFF
2026-09-07 22:00:00,Library,L101,7.22,4,31.7,OFF,ON
2026-09-07 22:00:00,Library,L102,15.03,4,26.6,OFF,ON
2026-09-07 22:00:00,Hostel Block,H101,5.57,3,29.5,OFF,ON
2026-09-07 22:00:00,Hostel Block,H102,7.09,0,29.4,OFF,OFF
2026-09-07 22:00:00,Hostel Block,H103,12.38,3,33.5,OFF,ON
2026-09-07 22:00:00,Laboratory Block,LAB1,12.35,4,27.9,OFF,ON
2026-09-07 22:00:00,Laboratory Block,LAB2,16.86,1,33.9,OFF,ON
2026-09-07 22:00:00,Laboratory Block,LAB3,17.44,0,32.5,OFF,OFF
2026-09-07 23:00:00,Academic Block,A101,6.89,0,30.1,OFF,OFF
2026-09-07 23:00:00,Academic Block,A102,7.42,1,28.5,OFF,ON
2026-09-07 23:00:00,Academic Block,A103,26.88,1,32.0,OFF,ON
2026-09-07 23:00:00,Engineering Block,E201,8.83,3,27.5,OFF,ON
2026-09-07 23:00:00,Engineering Block,E202,12.32,0,31.0,OFF,OFF
2026-09-07 23:00:00,Engineering Block,E203,12.27,0,25.9,OFF,OFF
2026-09-07 23:00:00,Library,L101,12.18,1,33.5,OFF,ON
2026-09-07 23:00:00,Library,L102,8.13,1,30.9,OFF,ON
2026-09-07 23:00:00,Hostel Block,H101,10.4,2,29.8,OFF,ON
2026-09-07 23:00:00,Hostel Block,H102,5.49,2,29.5,OFF,ON
2026-09-07 23:00:00,Hostel Block,H103,7.32,3,32.0,OFF,ON
2026-09-07 23:00:00,Laboratory Block,LAB1,44.0,2,33.8,OFF,OFF
2026-09-07 23:00:00,Laboratory Block,LAB2,13.66,0,32.5,OFF,OFF
2026-09-07 23:00:00,Laboratory Block,LAB3,15.46,0,28.0,OFF,OFF
